# Object Export From Tinkercad Server 2015

mtllib obj.mtl

o Plane001
v -63.392 		-28.451 		0
v -58.505 		-23.539 		0
v -52.348 		-20.386 		0
v -45.522 		-19.299 		0
v -38.696 		-20.386 		0
v -32.538 		-23.539 		0
v -27.651 		-28.451 		0
v -45.522 		-63.704 		0
v -52.348 		-62.617 		0
v -58.505 		-59.464 		0
v -63.392 		-54.552 		0
v -66.529 		-48.362 		0
v -67.611 		-41.501 		0
v -66.529 		-34.64 		0
v 49.767 		17.866 		192.962
v -24.514 		-34.64 		0
v -23.433 		-41.501 		0
v -24.514 		-48.362 		0
v -27.651 		-54.552 		0
v -32.538 		-59.464 		0
v -38.696 		-62.617 		0
v 53.104 		20.506 		196.425
v -37.889 		-32.206 		138.705
v -37.027 		-31.284 		131.601
v 38.765 		-1.081 		0
v 38.765 		43.323 		0
v 45.77 		42.237 		0
v 52.09 		39.083 		0
v 57.105 		34.171 		0
v 60.325 		27.982 		0
v 61.435 		21.121 		0
v 60.325 		14.26 		0
v 57.105 		8.071 		0
v 52.09 		3.159 		0
v 45.77 		0.005 		0
v 31.759 		0.005 		0
v 25.439 		3.159 		0
v 20.424 		8.071 		0
v 17.204 		14.26 		0
v 16.095 		21.121 		0
v 17.204 		27.982 		0
v 20.424 		34.171 		0
v 25.439 		39.083 		0
v 31.759 		42.237 		0
v -34.259 		-29.707 		134.807
v -35.972 		-30.674 		132.651
v 43.384 		50.34 		121.91
v 46.799 		50.465 		121.91
v 40.042 		49.594 		121.91
v 44.594 		25.074 		192.962
v 46.369 		26.477 		194.551
v 47.272 		59.957 		117.318
v 47.931 		27.713 		196.425
v 46.879 		26.881 		195.105
v 42.281 		59.774 		117.318
v -37.934 		-40.852 		135.831
v 45.839 		26.058 		194.028
v -36.665 		-40.125 		137.213
v -34.656 		-38.956 		139.076
v -39.898 		-33.375 		136.842
v -33.794 		-38.034 		131.972
v 41.866 		22.915 		191.211
v 43.315 		24.062 		191.963
v -43.866 		-35.677 		133.046
v -41.167 		-34.102 		135.46
v 48.488 		16.854 		191.963
v -44.967 		-36.341 		132.453
v -46.064 		-36.999 		131.809
v -43.148 		-35.25 		133.537
v 35.34 		17.752 		190.041
v 37.395 		58.684 		117.318
v -42.437 		-34.831 		134.091
v 61.426 		42.299 		121.91
v 59.14 		44.965 		121.91
v -40.633 		-42.427 		133.418
v 56.448 		47.173 		121.91
v 53.431 		48.857 		121.91
v -42.831 		-43.749 		132.18
v -41.734 		-43.091 		132.824
v -39.204 		-41.581 		134.462
v 55.289 		32.969 		124.722
v 54.639 		34.657 		124.722
v 53.72 		36.202 		124.722
v -39.915 		-42 		133.908
v 52.559 		37.555 		124.722
v 51.192 		38.677 		124.722
v 49.661 		39.532 		124.722
v 64.516 		35.931 		121.91
v 63.236 		39.257 		121.91
v -39.328 		-32.64 		129.794
v -38.712 		-32.274 		130.216
v -38.095 		-31.906 		130.627
v -35.479 		-39.024 		130.587
v -34.861 		-38.656 		130.998
v 36.875 		48.25 		121.91
v -100.057 		-68.815 		74.159
v 33.977 		46.349 		121.91
v 3.792 		16.438 		23.267
v 1.554 		6.258 		32.167
v 6.659 		8.989 		23.267
v 40.38 		21.739 		190.543
v 33.721 		16.471 		189.925
v 37.766 		19.671 		189.999
v 39.522 		21.06 		190.29
v -9.029 		12.323 		63.334
v 38.646 		20.367 		190.091
v 36.109 		18.36 		189.994
v -5.287 		2.598 		63.334
v -8.196 		12.59 		52.51
v -4.511 		3.013 		52.51
v 36.877 		18.968 		189.946
v -5.724 		13.384 		42.015
v -2.208 		4.246 		42.015
v 10.078 		1.12 		169.102
v -10.69 		2.09 		63.334
v -18.562 		8.547 		63.334
v 9.13 		-9.361 		188.593
v -37.775 		-40.36 		128.465
v 41.282 		11.152 		189.994
v -36.095 		-39.39 		130.165
v 42.05 		11.76 		189.946
v 48.011 		40.094 		124.722
v 46.294 		40.348 		124.722
v 44.56 		40.284 		124.722
v 42.863 		39.906 		124.722
v 41.255 		39.223 		124.722
v 11.44 		-6.939 		181.352
v 42.939 		12.463 		189.999
v -48.125 		-38.199 		129.913
v 43.819 		13.16 		190.091
v 44.695 		13.852 		190.29
v 47.039 		15.707 		191.211
v 10.512 		-7.911 		184.155
v 45.553 		14.531 		190.543
v -41.008 		-33.61 		128.094
v 8.032 		-10.535 		182.689
v 41.3745 		32.768 		125.1761
v 40.96 		33.063 		125.1286
v -42.688 		-34.579 		126.383
v 9.605 		-8.863 		186.969
v -40.471 		-41.924 		125.868
v 39.784 		38.258 		124.722
v -39.455 		-41.329 		126.754
v -46.952 		-46.149 		128.402
v -47.951 		-46.753 		127.902
v 12.577 		-5.745 		178.112
v -48.954 		-47.362 		127.445
v -44.892 		-44.949 		130.285
v 10.82 		-7.607 		175.09
v 11.754 		-6.627 		172.243
v -50.185 		-39.399 		128.031
v -51.184 		-40.003 		127.531
v 13.743 		-4.52 		174.898
v -52.188 		-40.612 		127.074
v -55.821 		9.805 		94.502
v -64.283 		7.916 		94.502
v -37.659 		13.176 		84.654
v -38.609 		8.858 		94.502
v -46.954 		14.548 		84.654
v -56.335 		14.204 		84.654
v -65.517 		12.155 		84.654
v 7.68 		-1.399 		174.902
v -37.078 		15.821 		74.159
v -46.819 		17.259 		74.159
v -56.65 		16.898 		74.159
v -27.382 		13.471 		63.334
v -11.284 		1.422 		52.51
v -19.036 		7.781 		52.51
v -27.722 		12.63 		52.51
v -72.304 		4.514 		94.502
v -74.22 		8.463 		84.654
v -20.444 		5.504 		42.015
v -82.18 		3.24 		84.654
v -28.732 		10.131 		42.015
v 9.425 		-9.071 		178.889
v -66.273 		14.751 		74.159
v -75.394 		10.882 		74.159
v -83.736 		5.408 		74.159
v 12.69 		-5.645 		169.399
v -1.687 		14.679 		32.167
v 14.924 		-3.281 		171.976
v 16.141 		-2.002 		169.098
v -22.743 		1.787 		32.167
v -30.381 		6.051 		32.167
v 6.138 		-1.445 		94.502
v 38.495 		37.04 		124.722
v 2.766 		-4.112 		84.654
v 37.427 		35.605 		124.722
v 7.284 		-13.422 		74.159
v 40.513 		10.544 		190.041
v 40.5049 		33.1522 		125.0864
v 40.5045 		33.1518 		125.0863
v 40.5039 		33.1512 		125.0863
v 40.612 		33.2649 		125.0906
v 38.895 		9.263 		189.925
v 40.1411 		32.768 		125.0721
v 40.638 		33.2923 		125.0916
v 40.6388 		33.2916 		125.0917
v 40.68 		33.2623 		125.0964
v 1.724 		-25.384 		84.654
v 36.613 		33.997 		124.722
v 0.702 		-5.746 		74.159
v 4.196 		-24.59 		74.159
v -32.62 		0.513 		23.267
v 0.511 		-15.013 		74.159
v 33.162 		4.728 		191.329
v 35.373 		6.476 		190.399
v 36.325 		7.23 		190.079
v 37.273 		7.98 		189.853
v -36.882 		16.712 		63.334
v -46.774 		18.172 		63.334
v -56.757 		17.806 		63.334
v 2.697 		-54.633 		84.654
v 4.003 		-44.873 		84.654
v 3.676 		-35.024 		84.654
v 2.176 		-65.067 		74.159
v 27.057 		11.198 		234.582
v 28.267 		12.155 		234.282
v 5.216 		-55.243 		74.159
v 30.853 		14.201 		233.542
v 6.585 		-45.015 		74.159
v 6.242 		-34.693 		74.159
v -24.651 		-13.629 		111.085
v -29.711 		-9.478 		111.085
v 1.2899 		-17.6044 		204.5414
v 1.287 		-17.6074 		204.528
v 29.476 		13.112 		233.98
v -14.714 		-14.176 		103.402
v -19.834 		-8.205 		103.402
v -25.864 		-3.258 		103.402
v 24.645 		9.29 		235.385
v 25.849 		10.242 		235.008
v 32.226 		15.288 		233.044
v 32.765 		56.719 		117.318
v 28.529 		53.94 		117.318
v 54.4454 		36.776 		2.2117
v 53.2646 		37.9325 		2.1708
v 53.0666 		38.1265 		2.1639
v 51.5958 		39.3297 		2.163
v 51.854 		39.2008 		2.1812
v 52.09 		39.083 		2.1979
v 23.424 		8.324 		235.415
v 32.23 		3.99 		234.582
v 49.9177 		40.1671 		2.1385
v 50.1307 		40.0608 		2.1416
v 31.022 		3.035 		235.008
v 8.861 		-0.159 		171.98
v 29.818 		2.082 		235.385
v 28.597 		1.116 		235.415
v 27.384 		0.156 		235.359
v 49.152 		40.5492 		2.1707
v -37.078 		15.821 		52.51
v 14.602 		-3.637 		164.767
v -46.819 		17.259 		52.51
v -56.65 		16.898 		52.51
v 8.539 		-0.515 		164.771
v -37.659 		13.176 		42.015
v 24.817 		50.431 		117.318
v -50.713 		-48.406 		126.203
v 29.05 		64.374 		111.085
v 23.605 		60.802 		111.085
v 18.833 		56.291 		111.085
v 13.294 		-5.011 		167.86
v 13.921 		-4.352 		166.344
v -53.946 		-41.656 		125.832
v 14.88 		50.978 		111.085
v 13.667 		61.349 		103.402
v 8.956 		55.017 		103.402
v 7.858 		-1.23 		166.348
v -7.191 		-24.208 		187.736
v 31.438 		43.949 		121.91
v 34.05 		16.825 		131.126
v 36.653 		19.58 		133.955
v 29.335 		41.122 		121.91
v 35.619 		18.491 		135.219
v 27.731 		37.955 		121.91
v 26.675 		34.543 		121.91
v -8.492 		-24.844 		184.254
v 34.585 		17.401 		136.492
v 21.742 		46.299 		117.318
v 19.398 		41.669 		117.318
v 17.854 		36.682 		117.318
v 38.187 		21.197 		132.495
v 3.068 		-6.239 		188.597
v -46.954 		14.548 		42.015
v -56.335 		14.204 		42.015
v 1.3151 		-17.5772 		204.6586
v 1.3004 		-17.5928 		204.5906
v 1.2914 		-17.6028 		204.5482
v -65.517 		12.155 		42.015
v 11.866 		45.026 		111.085
v 9.881 		38.614 		111.085
v -38.609 		8.858 		32.167
v -47.175 		10.122 		32.167
v -55.821 		9.805 		32.167
v -64.283 		7.916 		32.167
v 1.7845 		-17.0768 		206.9438
v 1.4486 		-17.4346 		205.3089
v 2.0803 		-16.7613 		208.3841
v 2.0666 		-16.7758 		208.3178
v -39.898 		2.996 		23.267
v -47.475 		4.114 		23.267
v -55.123 		3.834 		23.267
v -62.608 		2.163 		23.267
v 2.0906 		-16.7504 		208.4437
v 2.2193 		-16.6126 		209.191
v 2.2892 		-16.5376 		209.5974
v 2.1494 		-16.687 		208.786
v 2.1027 		-16.7371 		208.5148
v 2.0948 		-16.7454 		208.4689
v -66.527 		15.625 		63.334
v -75.789 		11.696 		63.334
v -84.26 		6.138 		63.334
v -66.273 		14.751 		52.51
v -75.394 		10.882 		52.51
v 2.3266 		-16.4975 		209.8149
v 2.3896 		-16.4302 		210.1813
v -83.736 		5.408 		52.51
v 3.856 		-18.532 		212.114
v -74.22 		8.463 		42.015
v -82.18 		3.24 		42.015
v 1.681 		-7.694 		192.973
v -72.304 		4.514 		32.167
v 2.593 		-6.737 		190.221
v 36.875 		48.25 		4.759
v 6.69 		-14.09 		63.334
v 33.977 		46.349 		4.759
v 9.477 		65.451 		94.502
v 48.2141 		41.0173 		2.21
v 48.3289 		40.96 		2.2052
v 46.3733 		41.9359 		2.3884
v 46.3756 		41.9348 		2.3881
v 46.8415 		41.7023 		2.343
v 54.933 		25.832 		124.722
v 55.469 		27.564 		124.722
v 55.71 		29.367 		124.722
v 55.65 		31.187 		124.722
v 45.77 		42.237 		2.4784
v 44.305 		42.4641 		2.5566
v 45.0152 		42.354 		2.5187
v 64.87 		25.285 		121.91
v 65.346 		28.837 		121.91
v 65.226 		32.422 		121.91
v -14.547 		-30.607 		111.085
v 42.0147 		42.8192 		2.7926
v 42.0171 		42.8188 		2.7923
v 43.0008 		42.6663 		2.6909
v -7.792 		-28.438 		103.402
v -10.659 		-20.989 		103.402
v 50.29 		20.605 		124.722
v 39.3064 		43.2391 		3.198
v 51.761 		21.57 		124.722
v 39.3066 		43.239 		3.198
v 40.8126 		43.0056 		2.9726
v 53.051 		22.789 		124.722
v 54.118 		24.224 		124.722
v -32.309 		-32.572 		121.91
v 38.765 		43.323 		3.3018
v -24.243 		-28.256 		117.318
v 36.4107 		42.9581 		3.5805
v 38.3291 		43.2554 		3.3534
v -26.89 		-23.809 		117.318
v 62.21 		18.706 		121.91
v -30.232 		-19.912 		117.318
v 32.9915 		42.4281 		4.14
v 35.6779 		42.8445 		3.7004
v 63.814 		21.873 		121.91
v -16.952 		-24.356 		111.085
v 32.768 		42.3934 		4.1855
v -20.355 		-18.639 		111.085
v 48.4953 		40.877 		2.1982
v 29.05 		64.374 		15.584
v 23.605 		60.802 		15.584
v 18.833 		56.291 		15.584
v 32.765 		56.719 		9.351
v -2.313 		-26.679 		94.502
v 28.529 		53.94 		9.351
v -5.554 		-18.258 		94.502
v -10.138 		-10.555 		94.502
v 24.817 		50.431 		9.351
v -15.926 		-3.805 		94.502
v -1.792 		-16.246 		84.654
v 7.284 		-13.422 		52.51
v -6.766 		-7.888 		84.654
v 9.477 		65.451 		32.167
v 13.667 		61.349 		23.267
v -13.047 		-0.564 		84.654
v 2.766 		-4.112 		42.015
v 8.956 		55.017 		23.267
v 33.123 		15.861 		137.879
v 33.345 		16.081 		131.676
v -4.702 		-6.254 		74.159
v -38.577 		-14.222 		117.318
v -43.327 		-12.601 		117.318
v 20.093 		2.152 		160.436
v -48.273 		-11.871 		117.318
v 19.389 		10.908 		149.312
v 18.731 		10.215 		150.459
v 18.039 		9.488 		151.714
v 18 		9.447 		151.802
v 6.138 		-1.445 		32.167
v 18.08 		9.531 		151.628
v 6.856 		-11.746 		195.727
v 5.029 		-24.323 		63.334
v 0.006 		-6.296 		63.334
v 0.702 		-5.746 		52.51
v 0.793 		-8.624 		195.732
v 1.287 		-14.598 		63.334
v 4.196 		-24.59 		52.51
v 0.511 		-15.013 		52.51
v 1.724 		-25.384 		42.015
v 4.264 		-14.487 		194.529
v 4.68 		-14.05 		193.251
v 2.977 		-65.424 		63.334
v 6.064 		-55.449 		63.334
v 7.454 		-45.063 		63.334
v 17.219 		3.414 		234.597
v 18.227 		4.212 		234.9
v 7.106 		-34.581 		63.334
v 22.211 		7.364 		235.359
v 2.176 		-65.067 		52.51
v 5.216 		-55.243 		52.51
v 6.585 		-45.015 		52.51
v 20.211 		5.782 		235.163
v 6.242 		-34.693 		52.51
v 16.239 		2.639 		234.21
v 13.186 		0.223 		231.482
v 14.543 		1.297 		233.008
v 14.88 		50.978 		15.584
v 45.773 		29.914 		125.669
v 3.543 		-5.741 		186.973
v 4.449 		-4.79 		184.159
v 5.377 		-3.817 		181.356
v 1.969 		-7.413 		182.693
v 5.098 		-13.611 		191.973
v 5.537 		-13.152 		190.455
v -0.548 		-13.54 		230.907
v -0.388 		-13.618 		234.279
v -6.37 		-15.249 		221.448
v 21.742 		46.299 		9.351
v 25.452 		7.786 		149.308
v 24.794 		7.094 		150.455
v 0.929 		-8.503 		185.81
v 24.143 		6.409 		151.624
v 4.757 		-4.486 		175.094
v 24.102 		6.366 		151.71
v 6.514 		-2.623 		178.116
v 24.063 		6.325 		151.798
v 20.642 		2.713 		152.182
v 19.953 		1.989 		153.776
v 3.362 		-5.95 		178.893
v 5.691 		-3.506 		172.247
v 22.501 		4.667 		148.129
v 7.231 		-1.889 		167.865
v 6.627 		-2.523 		169.403
v 5.979 		-12.688 		188.939
v 16.438 		7.789 		148.133
v 6.992 		-11.625 		185.806
v -0.084 		-9.567 		188.943
v -5.829 		-14.597 		188.104
v -7.353 		-15.28 		182.845
v -6.725 		-14.982 		184.7
v -8.018 		-15.602 		181.012
v 21.327 		3.433 		150.582
v 15.369 		1.951 		233.652
v -2.596 		-21.347 		188.475
v -35.38 		-6.313 		111.085
v -41.487 		-4.23 		111.085
v 14.03 		5.274 		160.44
v -47.845 		-3.292 		111.085
v 11.564 		2.665 		158.501
v -53.265 		-12.054 		117.318
v -4.12 		-22.03 		183.216
v -3.492 		-21.732 		185.071
v -58.15 		-13.145 		117.318
v -4.6 		-13.849 		221.483
v -4.081 		-13.438 		221.443
v 9.236 		0.218 		163.218
v -3.562 		-13.027 		221.342
v -0.997 		-13.52 		225.204
v -0.742 		-13.511 		228.061
v 2.697 		-54.633 		42.015
v 4.003 		-44.873 		42.015
v 19.398 		41.669 		9.351
v 45.6366 		29.7605 		125.65
v 45.6033 		29.7797 		125.6488
v 17.854 		36.682 		9.351
v 16.668 		2.979 		200.135
v 45.6675 		29.7435 		125.6506
v 3.676 		-35.024 		42.015
v 45.6977 		29.7278 		125.6507
v 45.7287 		29.7125 		125.6503
v 45.7622 		29.6969 		125.6493
v 45.7641 		29.696 		125.6492
v 18.233 		4.216 		198.316
v 17.444 		3.592 		199.214
v 45.568 		29.8011 		125.6469
v 19.4 		5.14 		197.061
v -62.781 		-15.109 		117.318
v -54.262 		-3.527 		111.085
v -60.542 		-4.929 		111.085
v -42.115 		-22.971 		121.91
v -45.364 		-21.863 		121.91
v -48.747 		-21.364 		121.91
v -34.167 		-16.683 		117.318
v -45.885 		-32.297 		124.722
v -47.534 		-31.734 		124.722
v -34.12 		-29.53 		121.91
v -36.406 		-26.864 		121.91
v -39.098 		-24.655 		121.91
v -52.161 		-21.489 		121.91
v -55.503 		-22.235 		121.91
v -58.671 		-23.578 		121.91
v -49.252 		-31.48 		124.722
v -50.985 		-31.544 		124.722
v -52.682 		-31.923 		124.722
v -54.29 		-32.605 		124.722
v -61.568 		-25.479 		121.91
v -64.107 		-27.879 		121.91
v -12.988 		-43.938 		111.085
v -13.212 		-37.201 		111.085
v -5.934 		-44.326 		103.402
v -6.201 		-36.297 		103.402
v -30.675 		-46.543 		121.91
v -30.2 		-42.991 		121.91
v -30.319 		-39.406 		121.91
v -31.029 		-35.897 		121.91
v -21.854 		-48.682 		117.318
v -21.159 		-43.489 		117.318
v -21.333 		-38.248 		117.318
v -22.372 		-33.118 		117.318
v -15.866 		-57.026 		111.085
v -13.881 		-50.614 		111.085
v -9.364 		-59.924 		103.402
v 15.677 		2.195 		201.412
v 14.705 		1.426 		202.712
v 13.307 		0.32 		204.721
v 30.199 		13.684 		190.399
v 32.1 		15.188 		189.853
v 25.794 		10.199 		192.364
v 31.152 		14.438 		190.079
v 27.989 		11.936 		191.329
v 20.599 		6.089 		195.884
v 23.177 		8.129 		194.054
v 30.967 		2.991 		192.364
v 28.351 		0.921 		194.054
v 25.384 		-1.426 		235.163
v 23.401 		-2.996 		234.9
v 21.412 		-4.569 		234.21
v 20.542 		-5.257 		233.652
v 19.716 		-5.911 		233.008
v 17.047 		-8.023 		229.888
v 18.359 		-6.985 		231.482
v 22.392 		-3.794 		234.597
v 11.874 		-0.815 		229.888
v 8.203 		-16.795 		231.056
v 8.649 		-16.592 		232.534
v 9.095 		-16.39 		234.012
v 16.402 		-8.533 		228.951
v 10.628 		-1.8 		227.964
v 11.229 		-1.325 		228.951
v 9.546 		-2.657 		225.359
v 9.338 		-2.821 		223.069
v 10.035 		-2.269 		226.699
v -4.784 		-22.352 		181.383
v -5.518 		-22.713 		179.473
v -6.279 		-23.094 		177.59
v 4.206 		-11.375 		246.629
v 5.301 		-10.658 		246.133
v 3.21 		-11.986 		246.305
v 3.712 		-11.683 		246.559
v 6.308 		-9.983 		245.405
v 6.974 		-9.483 		243.899
v 0.635 		-13.429 		242.874
v 1.896 		-12.729 		244.668
v 0.323 		-13.58 		242.019
v 7.377 		-9.054 		240.614
v 0.009 		-13.585 		238.377
v 0.009 		-13.585 		238.377
v 0 		-13.589 		238.3454
v 0.215 		-13.494 		239.101
v 0.009 		-13.585 		238.377
v 0.009 		-13.585 		238.377
v 0.157 		-13.584 		240.106
v 0.106 		-13.669 		241.111
v 6.645 		-9.331 		237.124
v -4.006 		-5.704 		63.334
v -4.702 		-6.254 		52.51
v -1.792 		-16.246 		42.015
v -6.766 		-7.888 		42.015
v -13.047 		-0.564 		42.015
v 31.438 		43.949 		4.759
v 14.579 		5.835 		152.186
v 13.89 		5.111 		153.78
v 29.335 		41.122 		4.759
v -10.138 		-10.555 		32.167
v -15.926 		-3.805 		32.167
v -14.714 		-14.176 		23.267
v -19.834 		-8.205 		23.267
v 25.439 		39.083 		6.0463
v 26.5304 		39.6277 		5.6795
v -25.864 		-3.258 		23.267
v 25.3643 		39.0098 		6.0632
v 25.3655 		39.011 		6.0629
v -24.651 		-13.629 		15.584
v -29.711 		-9.478 		15.584
v 29.2708 		40.9953 		4.759
v 21.9689 		35.6842 		7.2089
v 21.9698 		35.685 		7.2086
v 23.7391 		37.418 		6.6116
v -2.313 		-26.679 		32.167
v -5.554 		-18.258 		32.167
v 20.424 		34.171 		7.8858
v 20.8806 		34.6182 		7.6858
v 15.264 		6.555 		150.586
v 19.694 		32.768 		8.1592
v -7.792 		-28.438 		23.267
v -10.659 		-20.989 		23.267
v 31.759 		42.237 		4.3914
v 32.5759 		42.3636 		4.2247
v -14.547 		-30.607 		15.584
v 25.614 		17.46 		139.383
v 29.4152 		41.0673 		4.7311
v 29.4152 		41.0673 		4.7311
v 29.3991 		41.0593 		4.7342
v 11.866 		45.026 		15.584
v 9.881 		38.614 		15.584
v 29.556 		21.613 		135.223
v 27.06 		18.983 		137.883
v 15.801 		-9.008 		227.964
v 15.208 		-9.477 		226.699
v 14.719 		-9.865 		225.359
v 28.522 		20.523 		136.496
v 14.512 		-10.029 		223.069
v 64.87 		25.285 		4.759
v 65.346 		28.837 		4.759
v 65.226 		32.422 		4.759
v 32.124 		24.319 		132.499
v 9.441 		-2.74 		219.488
v 9.622 		-2.596 		219.431
v 9.198 		-2.932 		219.15
v 26.51 		18.39 		132.539
v 27.988 		19.947 		131.13
v 60.5936 		26.3217 		3.4799
v 60.5939 		26.3199 		3.4801
v 60.876 		24.576 		3.7088
v 30.59 		22.702 		133.959
v 60.325 		27.982 		3.3377
v 60.4421 		27.2582 		3.3997
v 9.234 		-2.903 		219.561
v 59.7191 		29.1465 		3.117
v 9.385 		-2.784 		219.802
v 9.478 		-2.711 		219.641
v 9.236 		-2.902 		220.726
v 58.4684 		31.5505 		2.7746
v 58.4693 		31.5488 		2.7749
v 59.0915 		30.3529 		2.9451
v 9.281 		-2.866 		220.259
v 57.8349 		32.768 		2.6639
v 60.7203 		16.7035 		4.759
v 60.6686 		16.384 		4.8336
v 62.21 		18.706 		4.759
v 60.7207 		16.7058 		4.7587
v 27.282 		19.203 		131.68
v 25.747 		17.586 		133.487
v -6.443 		-16.208 		221.549
v 63.814 		21.873 		4.759
v -5.4821 		-16.384 		221.4489
v -5.6021 		-16.319 		221.448
v -5.6023 		-16.3189 		221.448
v 61.1601 		19.4219 		4.3942
v -6.3 		-16.0573 		221.433
v -6.2153 		-15.9678 		221.4374
v -6.6094 		-16.384 		221.417
v 61.435 		21.121 		4.2429
v -6.2151 		-15.9679 		221.4374
v 61.2037 		19.6914 		4.3701
v 61.119 		23.0744 		3.9057
v 61.119 		23.0743 		3.9057
v -2.261 		-11.998 		220.694
v -0.958 		-10.967 		220.054
v -6.999 		-52.282 		103.402
v 61.0032 		23.7899 		3.8119
v 49.265 		0.054 		9.351
v -31.731 		-49.955 		121.91
v -28.817 		-62.431 		117.318
v -1.6201 		-13.6829 		220.8746
v -1.6754 		-13.7192 		220.9004
v 54.15 		1.145 		9.351
v -1.3493 		-13.5053 		220.748
v -25.742 		-58.299 		117.318
v -1.6754 		-13.7193 		220.9004
v -1.6751 		-13.7199 		220.9005
v -1.6708 		-13.7287 		220.9011
v -0.7594 		-13.1181 		220.4754
v -0.7611 		-13.1193 		220.4762
v -23.398 		-53.669 		117.318
v -0.7584 		-13.1175 		220.475
v 0 		-12.6204 		220.1256
v -0.5831 		-13.0026 		220.3942
v -0.7802 		-13.1321 		220.4851
v -0.6365 		-13.0379 		220.4189
v 58.781 		3.109 		9.351
v -0.7469 		-13.1102 		220.4697
v -1.1291 		-13.3608 		220.6458
v -1.2337 		-13.4294 		220.694
v -1.2838 		-13.4623 		220.7174
v -18.88 		-62.978 		111.085
v -0.8118 		-13.1532 		220.4997
v -0.7301 		-13.0996 		220.4621
v -0.684 		-15.7738 		221.0539
v -0.3896 		-16.384 		221.0996
v 63.017 		5.888 		9.351
v -4.09 		-62.274 		94.502
v -1.416 		-53.636 		94.502
v -0.213 		-44.641 		94.502
v -0.514 		-35.564 		94.502
v -0.204 		-64.006 		84.654
v 52.09 		3.159 		8.1775
v 49.6836 		1.9581 		8.4922
v 53.2365 		4.282 		7.7663
v 49.152 		1.6928 		8.5617
v -5.993 		-14.951 		213.7
v -6.575 		-15.412 		213.776
v 56.6088 		7.585 		6.9241
v -7.46 		-16.112 		214.078
v 56.608 		7.5842 		6.9243
v 54.3617 		5.384 		7.4852
v -4.882 		-14.072 		213.333
v -5.435 		-14.51 		213.497
v -2.937 		-12.522 		214.228
v -2.9818 		-12.5689 		214.3567
v -2.9818 		-12.569 		214.3568
v -43.704 		-35.174 		125.497
v -2.9818 		-12.5689 		214.3567
v 57.105 		8.071 		6.8581
v 58.9309 		11.5804 		5.9075
v 57.9995 		9.7902 		6.3924
v -2.9818 		-12.5689 		214.3569
v -2.9818 		-12.5689 		214.3559
v -2.9818 		-12.5689 		214.3548
v -2.9754 		-12.5638 		213.4412
v -2.9767 		-12.5648 		213.6073
v -2.9794 		-12.5671 		213.966
v -2.9282 		-12.5265 		214.228
v -2.9279 		-12.5263 		214.2262
v -2.9274 		-12.5259 		214.2238
v -42.2701 		-40.96 		124.9497
v -42.274 		-40.9475 		124.95
v -2.9274 		-12.5259 		214.2236
v 60.5213 		15.4734 		5.0463
v 60.5206 		15.469 		5.0477
v 60.4155 		14.8197 		5.2459
v -2.8742 		-12.4838 		213.943
v -2.8098 		-12.4328 		213.6022
v -2.7814 		-12.4103 		213.4522
v -2.9818 		-12.5689 		214.3569
v -1.077 		-11.062 		213.549
v -39.896 		-40.641 		124.722
v 26.343 		8.709 		141.351
v 27.668 		10.104 		139.636
v 45.1908 		30.0551 		125.6121
v 45.056 		30.1501 		125.5972
v 45.3619 		29.9366 		125.6298
v 45.4559 		29.8731 		125.6386
v 45.5184 		29.8323 		125.6437
v 45.5651 		29.8028 		125.6468
v 6.443 		-18.736 		246.676
v 7.44 		-18.125 		247
v 6.945 		-18.433 		246.931
v 45.2808 		28.672 		125.547
v 45.4822 		28.8847 		125.5713
v 45.5661 		28.9734 		125.5815
v 3.868 		-20.179 		243.245
v 3.557 		-20.33 		242.39
v 45.7349 		29.1517 		125.5998
v 5.129 		-19.479 		245.039
v 3.339 		-20.419 		241.483
v 3.448 		-20.244 		239.472
v 45.8481 		29.2713 		125.6103
v 60.325 		14.26 		5.4167
v 3.39 		-20.334 		240.478
v 3.242 		-20.335 		238.749
v 3.035 		-20.428 		238.018
v 45.8004 		29.68 		125.6476
v 45.8905 		29.3161 		125.6134
v 45.8922 		29.3178 		125.6136
v 45.9338 		29.3616 		125.6166
v 45.8915 		29.3171 		125.6135
v 45.8468 		29.6606 		125.645
v 45.9785 		29.4086 		125.619
v 46.0048 		29.4363 		125.6204
v 45.9077 		29.6363 		125.6408
v 46.0681 		29.5029 		125.6223
v 45.9965 		29.6026 		125.6337
v 46.12 		29.5575 		125.6227
v 46.1189 		29.5563 		125.6227
v 46.1195 		29.5577 		125.6228
v -0.199 		-13.677 		237.647
v 44.7336 		30.3773 		125.5615
v -2.9779 		-12.5659 		213.7065
v -2.827 		-12.4466 		213.694
v 41.5471 		24.7279 		125.0486
v 41.4033 		24.576 		125.0293
v 43.2887 		26.5675 		125.283
v 44.484 		27.8302 		125.4438
v 41.9651 		25.1696 		125.1049
v 42.3339 		25.5591 		125.1545
v 41.9914 		25.1974 		125.1084
v 45.2635 		28.6537 		125.5449
v -2.9859 		-12.5747 		213.4406
v -2.983 		-12.5717 		213.4408
v 31.677 		14.338 		139.379
v -2.9804 		-12.569 		213.4409
v 45.77 		0.005 		9.3127
v 45.7377 		0 		9.3145
v -2.7792 		-12.4114 		213.4523
v 49.0776 		1.6557 		8.5715
v 28.552 		11.049 		144.257
v 17.159 		31.489 		9.351
v -7.153 		-15.869 		213.873
v 16.915 		26.1941 		9.6718
v 16.9643 		26.4994 		9.6264
v 17.204 		27.982 		9.4056
v 17.2711 		28.1111 		9.351
v 16.6535 		24.576 		10.1126
v 18.9765 		31.3889 		8.4279
v 18.217 		9.66 		144.647
v 17.628 		9.041 		145.714
v 18.6767 		30.8125 		8.5902
v 18.818 		10.292 		143.614
v 19.544 		11.056 		142.463
v 22.489 		14.171 		144.261
v 16.384 		22.9089 		10.5667
v 16.8607 		16.384 		11.7141
v 16.7442 		17.1043 		11.6001
v -16.952 		-24.356 		15.584
v -20.355 		-18.639 		15.584
v 8.988 		31.938 		15.584
v 21.605 		13.226 		139.64
v 9.212 		25.201 		15.584
v 20.28 		11.831 		141.355
v 10.547 		18.607 		15.584
v -24.243 		-28.256 		9.351
v -26.89 		-23.809 		9.351
v 25.607 		7.934 		142.459
v 24.28 		6.538 		144.643
v 24.88 		7.17 		143.61
v 23.691 		5.919 		145.71
v 16.095 		21.121 		11.0536
v 16.2476 		22.0649 		10.7966
v 16.2077 		20.4235 		11.0749
v 16.2075 		20.4251 		11.0749
v 8.374 		-3.584 		218.09
v 9.142 		-2.976 		218.875
v 8.8 		-3.247 		218.42
v 28.99 		11.497 		137.905
v 20.651 		1.629 		15.584
v 30.4 		12.981 		135.692
v 20.424 		8.071 		12.5739
v 19.7653 		9.337 		12.3313
v 23.6054 		4.955 		12.2845
v 21.2428 		7.269 		12.4995
v 19.7649 		9.3378 		12.3312
v 25.439 		3.159 		12.4517
v 25.4339 		3.164 		12.4512
v 28.3317 		1.7154 		11.9182
v 28.3288 		1.7168 		11.9188
v 32.573 		15.268 		132.535
v 31.81 		14.464 		133.483
v 31.759 		0.005 		11.7881
v 31.0733 		0.3472 		11.8142
v 31.7913 		0 		11.7797
v 8.35 		-3.603 		213.196
v 24.337 		16.103 		135.696
v 22.928 		14.619 		137.909
v 17.1489 		14.6009 		11.9961
v 18.3492 		12.0589 		12.199
v 17.204 		14.26 		12.092
v 10.714 		2.176 		23.267
v 16.355 		6.639 		15.584
v 7.541 		-4.243 		213.443
v 12.952 		12.356 		15.584
v 17.627 		-0.456 		158.497
v 15.299 		-2.904 		163.214
v 71.789 		-23.696 		63.334
v -2.9908 		-12.5798 		213.4403
v -3.0201 		-12.6107 		213.4384
v -3.0326 		-12.624 		213.4376
v -3.1168 		-12.7129 		213.4322
v -2.7502 		-12.4265 		213.453
v -42.33 		-40.7807 		124.9521
v -42.3368 		-40.7623 		124.9524
v -42.7458 		-39.658 		124.9697
v -40.257 		-38.859 		124.722
v -7.748 		-16.339 		214.342
v -43.2341 		-38.4163 		124.9706
v -40.906 		-37.171 		124.722
v -43.7594 		-37.1558 		124.9524
v -41.826 		-35.626 		124.722
v -44.3514 		-35.8103 		124.9125
v -42.986 		-34.273 		124.722
v -44.5434 		-35.6726 		124.9139
v -6.5822 		-16.3717 		213.8505
v -44.4443 		-35.6096 		124.9036
v -6.5939 		-16.384 		213.8527
v -44.5861 		-35.7 		124.9184
v -44.9863 		-35.9546 		124.9602
v -6.5414 		-16.3287 		213.8428
v -45.2501 		-36.1226 		124.9878
v -45.4054 		-36.2215 		125.004
v -5.2704 		-14.9871 		213.5383
v -5.1692 		-14.8804 		213.497
v -45.1265 		-36.044 		124.9749
v -45.6542 		-36.3799 		125.03
v -45.9676 		-36.5794 		125.0627
v -45.5449 		-36.3103 		125.0186
v -5.4526 		-15.1795 		213.6126
v -46.8016 		-37.1105 		125.1498
v -5.5679 		-15.3012 		213.6597
v -5.5339 		-15.2654 		213.6458
v -6.2635 		-16.0356 		213.7906
v -6.2253 		-15.9953 		213.7834
v 42.769 		26.025 		128.126
v 44.371 		27.715 		127.242
v 43.569 		26.869 		127.706
v 41.703 		24.901 		128.906
v -4.9573 		-14.6569 		213.4266
v -4.6756 		-14.3596 		213.333
v 42.237 		25.464 		128.488
v -4.0453 		-13.6937 		213.3731
v 45.946 		29.374 		125.783
v -6.217 		-15.9866 		213.7818
v -6.1861 		-15.9539 		213.776
v -5.5683 		-15.3017 		213.6598
v -4.044 		-13.6924 		213.3732
v 36.174 		28.586 		128.493
v 36.706 		29.147 		128.13
v 35.64 		28.023 		128.911
v -30.232 		-19.912 		9.351
v 34.651 		26.981 		129.981
v 37.506 		29.991 		127.71
v 38.308 		30.837 		127.246
v -27.0016 		-29.7321 		7.7805
v -27.0014 		-29.7326 		7.7805
v -25.4629 		-32.768 		7.9554
v -27.651 		-28.451 		7.8294
v -27.5346 		-28.6806 		7.8207
v -29.8998 		-26.1906 		7.4394
v -32.538 		-23.539 		7.3015
v -30.9671 		-25.1179 		7.3836
v 33.66 		25.937 		131.064
v -32.768 		-23.4212 		7.2527
v -35.38 		-6.313 		15.584
v -41.487 		-4.23 		15.584
v -47.845 		-3.292 		15.584
v -38.577 		-14.222 		9.351
v 39.883 		32.496 		125.787
v -43.327 		-12.601 		9.351
v -48.273 		-11.871 		9.351
v -54.262 		-3.527 		15.584
v -60.542 		-4.929 		15.584
v -53.265 		-12.054 		9.351
v -58.15 		-13.145 		9.351
v 40.714 		23.859 		129.977
v -62.781 		-15.109 		9.351
v -34.167 		-16.683 		9.351
v -33.1671 		-23.2169 		7.168
v -33.167 		-23.2169 		7.168
v -36.9959 		-21.2565 		6.7166
v -34.824 		-22.3685 		6.9727
v 5.862 		-9.64 		233.641
v -40.926 		-20.0309 		6.3022
v -40.9234 		-20.0313 		6.3026
v -38.8222 		-20.3659 		6.6614
v -38.696 		-20.386 		6.683
v -44.8245 		-19.4101 		5.9751
v -44.8233 		-19.4103 		5.9752
v -43.3884 		-19.6388 		6.0957
v 14.454 		-10.074 		220.259
v 14.558 		-9.992 		219.802
v 14.409 		-10.11 		220.726
v 14.651 		-9.919 		219.641
v 4.97 		-10.045 		230.684
v -5.684 		-15.4236 		213.7025
v -5.6668 		-15.4055 		213.7
v -5.5836 		-15.3177 		213.6661
v -5.7245 		-15.4665 		213.7085
v -5.6999 		-15.4405 		213.7048
v -5.7272 		-15.4693 		213.7088
v -5.8304 		-15.5783 		213.724
v -5.7837 		-15.5291 		213.7171
v -5.7694 		-15.5141 		213.715
v -5.7913 		-15.5372 		213.7182
v 33.051 		25.281 		125.597
v 33.507 		25.763 		125.294
v -3.6199 		-13.2443 		213.4002
v 33.964 		26.244 		124.982
v -3.6187 		-13.2431 		213.4003
v 39.9123 		32.5264 		125.0631
v 38.9945 		31.5569 		125.007
v -3.2144 		-12.816 		213.426
v -2.7373 		-12.4332 		213.4532
v 36.077 		32.264 		124.722
v -1.4328 		-13.1125 		213.4828
v -1.3815 		-13.1392 		213.484
v -0.3403 		-12.4853 		213.5387
v -0.1439 		-12.3619 		213.549
v 0 		-12.2715 		213.5562
v -1.3814 		-13.1393 		213.484
v 37.8519 		30.35 		124.9142
v -1.1958 		-13.0227 		213.4937
v -0.8441 		-12.8017 		213.5122
v -1.3814 		-13.1393 		213.484
v 14.372 		-10.139 		219.15
v 14.614 		-9.948 		219.488
v 14.407 		-10.111 		219.561
v 14.796 		-9.804 		219.431
v 5.416 		-9.842 		232.163
v -44.353 		-33.152 		124.722
v 2.685 		-20.29 		231.278
v 2.845 		-20.368 		234.65
v -47.8596 		-37.7836 		125.2514
v -48.1875 		-37.9922 		125.2828
v -49.0279 		-38.5264 		125.3539
v -49.152 		-38.6052 		125.3626
v 13.547 		-10.792 		218.09
v 13.973 		-10.455 		218.42
v 14.315 		-10.184 		218.875
v 4.265 		-10.319 		227.458
v -49.152 		-47.3657 		125.1712
v -49.1364 		-47.3559 		125.172
v 2.859 		-10.889 		221.487
v 11.983 		-12.029 		217.919
v 3.571 		-10.585 		224.227
v -48.335 		-46.8517 		125.201
v 3.34 		-7.567 		218.62
v 80.26 		-18.138 		63.334
v 87.684 		-11.121 		63.334
v 93.833 		-2.856 		63.334
v 71.394 		-22.882 		52.51
v 79.736 		-17.408 		52.51
v -47.6011 		-46.3891 		125.2137
v 87.047 		-10.497 		52.51
v 93.103 		-2.358 		52.51
v 70.22 		-20.463 		42.015
v 78.18 		-15.24 		42.015
v 85.156 		-8.646 		42.015
v -46.8852 		-45.9373 		125.2124
v 90.935 		-0.88 		42.015
v 68.304 		-16.514 		32.167
v 75.64 		-11.701 		32.167
v 82.069 		-5.623 		32.167
v 65.702 		-11.154 		23.267
v 72.192 		-6.896 		23.267
v -46.1431 		-45.4681 		125.1967
v 77.878 		-1.52 		23.267
v -42.495 		-49.04 		124.722
v 67.941 		-0.973 		15.584
v 32.882 		-28.712 		63.334
v -45.522 		-19.299 		5.9791
v -48.6689 		-19.8001 		5.5155
v -47.6826 		-19.6431 		5.6608
v 39.723 		22.815 		131.06
v 35.835 		30.461 		124.722
v -49.152 		-19.8771 		5.4868
v 36.12 		19.005 		128.866
v 37.485 		20.443 		127.157
v 36.5144 		28.9373 		124.782
v 36.2807 		28.6906 		124.7589
v 34.755 		17.568 		130.556
v 37.4085 		29.8815 		124.8704
v 2.748 		-8.035 		218.925
v 5.21 		-6.087 		217.906
v -52.2911 		-20.3769 		5.3002
v 6.81 		-4.821 		217.919
v -51.6716 		-20.2783 		5.337
v -55.5621 		-22.032 		4.8616
v -55.4452 		-21.9721 		4.8776
v -52.348 		-20.386 		5.302
v -58.671 		-23.578 		4.759
v -58.1492 		-23.3568 		4.759
v 4.276 		-6.826 		218.218
v -58.505 		-23.539 		4.7509
v -58.6293 		-23.6639 		4.7322
v -59.5367 		-24.576 		4.6574
v -58.6422 		-23.6769 		4.7312
v -61.568 		-25.479 		4.759
v 38.299 		21.301 		126.342
v -64.107 		-27.879 		4.759
v 5.06 		-6.206 		213.323
v 3.894 		-7.128 		213.551
v 6.301 		-5.224 		213.394
v 2.731 		-8.048 		213.756
v 32.236 		24.422 		126.346
v 31.422 		23.565 		127.161
v -61.0932 		-26.1405 		4.5291
v 28.692 		20.69 		130.56
v -63.392 		-28.451 		4.5006
v -61.1966 		-26.2444 		4.5278
v -63.4354 		-28.5367 		4.4914
v -63.4353 		-28.5365 		4.4914
v 30.057 		22.127 		128.871
v -64.9652 		-31.5548 		4.3264
v -63.518 		-28.6997 		4.4825
v 0.599 		-9.736 		219.624
v -65.536 		-32.6809 		4.3265
v -65.0906 		-31.8022 		4.3264
v 2.157 		-8.503 		219.212
v -0.204 		-64.006 		42.015
v -0.213 		-44.641 		32.167
v -0.514 		-35.564 		32.167
v -5.934 		-44.326 		23.267
v 35.896 		28.641 		124.722
v -6.201 		-36.297 		23.267
v 36.2631 		28.672 		124.7569
v 10.741 		-15.805 		242.568
v 10.61 		-15.804 		240.985
v 10.719 		-15.778 		241.803
v -12.988 		-43.938 		15.584
v 36.1917 		28.5967 		124.7488
v 36.1678 		28.5714 		124.7461
v 10.207 		-16.233 		244.27
v -13.212 		-37.201 		15.584
v 35.9555 		28.3471 		124.722
v 7.508 		-9.055 		242.197
v 36.9437 		25.1077 		124.722
v 7.486 		-9.028 		241.432
v -21.854 		-48.682 		9.351
v -45.3227 		-44.9486 		125.164
v -21.159 		-43.489 		9.351
v -41.494 		-42.526 		125.048
v -21.333 		-38.248 		9.351
v -41.427 		-47.605 		124.722
v -22.372 		-33.118 		9.351
v 34.6613 		26.9789 		124.2724
v 34.6616 		26.9792 		124.2725
v 34.6636 		26.9813 		124.2732
v 34.6764 		26.9949 		124.2776
v 35.0989 		27.4418 		124.4244
v 34.752 		27.0747 		124.3039
v 35.8018 		28.1845 		124.6686
v -24.514 		-48.362 		8.015
v -24.4647 		-48.0489 		7.9919
v -24.4648 		-48.0496 		7.992
v 35.1872 		26.5167 		124.3961
v 35.1881 		26.5159 		124.3963
v -23.724 		-43.3477 		8.0482
v -24.3015 		-47.0131 		8.0044
v -44.3496 		-44.3314 		125.1083
v 35.503 		26.2626 		124.4552
v 36.8778 		25.1559 		124.7128
v -23.433 		-41.501 		8.2275
v -23.5764 		-42.4114 		8.1391
v -23.8935 		-38.578 		8.0425
v -40.613 		-45.997 		124.722
v 36.8868 		25.1494 		124.714
v 40.96 		24.1078 		124.9696
v 8.513 		-14.775 		218.62
v 41.885 		20.297 		124.722
v -43.11 		-43.5443 		125.0178
v -43.0925 		-43.5331 		125.0165
v 43.534 		19.734 		124.722
v 45.252 		19.48 		124.722
v 46.985 		19.544 		124.722
v 48.682 		19.923 		124.722
v 9.45 		-14.034 		218.218
v -44.1866 		-44.228 		125.0964
v 10.383 		-13.295 		217.906
v -40.077 		-44.264 		124.722
v 40.027 		23.122 		124.978
v 39.57 		22.641 		125.29
v -41.9234 		-42.79 		124.9154
v -41.8514 		-42.744 		124.9091
v -42.2459 		-42.9949 		124.9433
v -42.3111 		-43.0364 		124.9489
v -42.211 		-42.9727 		124.9402
v -42.6076 		-43.2249 		124.9746
v 11.474 		-12.432 		213.394
v -42.6412 		-43.2463 		124.9775
v 9.067 		-14.336 		213.551
v 12.714 		-11.451 		213.443
v -42.5528 		-43.19 		124.9698
v -42.9041 		-43.4134 		125.0002
v 39.114 		22.159 		125.593
v 9.878 		-16.081 		237.495
v 38.5145 		24.1707 		124.804
v 39.5307 		23.5897 		124.8408
v 39.945 		23.3527 		124.8558
v 37.826 		23.626 		124.722
v 38.986 		22.273 		124.722
v 9.541 		-16.733 		245.776
v 40.1462 		23.2477 		124.8601
v 40.1616 		23.2639 		124.8622
v 40.6337 		23.7631 		124.9257
v 10.233 		-13.414 		213.323
v 40.1432 		23.2444 		124.8597
v 40.143 		23.2445 		124.8597
v 40.1424 		23.2448 		124.8597
v 13.523 		-10.811 		213.196
v 40.1422 		23.245 		124.8597
v 40.353 		21.152 		124.722
v 8.534 		-17.408 		246.504
v 51.503 		10.235 		121.91
v 7.922 		-15.243 		218.925
v 54.671 		11.578 		121.91
v 57.568 		13.479 		121.91
v 60.107 		15.879 		121.91
v 7.904 		-15.256 		213.756
v 7.498 		-17.069 		227.829
v 17.152 		-7.939 		206.785
v -8.345 		-16.812 		221.304
v -8.232 		-16.723 		221.362
v 16.515 		-8.443 		208.363
v -8.449 		-16.894 		221.248
v -1.197 		-22.457 		221.448
v -3.172 		-24.02 		221.304
v -3.276 		-24.102 		221.248
v -42.6846 		-43.2738 		124.9812
v -42.5091 		-43.1622 		124.966
v -42.3989 		-43.0922 		124.9565
v -3.059 		-23.931 		221.362
v -41.7516 		-42.6807 		124.9005
v -41.8268 		-42.7284 		124.907
v -41.7517 		-42.6805 		124.9005
v -0.38 		-19.33 		221.545
v -41.7518 		-42.6801 		124.9005
v -41.8437 		-42.3504 		124.9134
v -39.835 		-42.461 		124.722
v -0.72 		-19.689 		221.565
v 42.774 		-30.172 		63.334
v 21.842 		-4.229 		200.135
v 19.879 		-5.782 		202.712
v -0.5426 		-19.5018 		221.483
v -0.3785 		-19.3285 		221.4688
v -0.1917 		-19.1313 		221.4527
v 52.757 		-29.806 		63.334
v -1.0615 		-18.7789 		221.483
v 23.406 		-2.991 		198.316
v 24.573 		-2.068 		197.061
v 62.527 		-27.625 		63.334
v 33.078 		-27.821 		52.51
v 42.819 		-29.259 		52.51
v 22.617 		-3.616 		199.214
v 52.65 		-28.898 		52.51
v 62.273 		-26.751 		52.51
v 18.481 		-6.888 		204.721
v 20.85 		-5.013 		201.412
v 33.659 		-25.176 		42.015
v 42.954 		-26.548 		42.015
v 52.335 		-26.204 		42.015
v 61.517 		-24.155 		42.015
v 49.265 		0.054 		117.318
v 54.15 		1.145 		117.318
v 58.781 		3.109 		117.318
v 51.821 		-21.805 		32.167
v 60.283 		-19.916 		32.167
v 63.017 		5.888 		117.318
v 51.123 		-15.834 		23.267
v 58.608 		-14.163 		23.267
v 50.262 		-8.473 		15.584
v 10.253 		-2.097 		211.923
v 56.542 		-7.071 		15.584
v 62.496 		-4.546 		15.584
v 35.098 		12.655 		121.91
v 10.241 		-2.107 		211.918
v 38.115 		10.971 		121.91
v 41.364 		9.863 		121.91
v 44.747 		9.364 		121.91
v 34.609 		-20.858 		32.167
v 48.161 		9.489 		121.91
v 43.175 		-22.122 		32.167
v 35.898 		-14.996 		23.267
v 43.475 		-16.114 		23.267
v 34.577 		2.222 		117.318
v 37.487 		-7.77 		15.584
v 10.078 		-2.236 		211.897
v -24.514 		-34.64 		8.1306
v -24.0493 		-37.5894 		8.0646
v -24.8777 		-33.9224 		8.0219
v -24.8774 		-33.9231 		8.022
v -25.3689 		-32.9533 		7.9661
v -4.09 		-62.274 		32.167
v 2.4255 		-11.0557 		219.4757
v 2.399 		-11.0727 		219.4822
v 2.3414 		-11.1099 		219.4964
v 2.2285 		-11.1825 		219.5243
v -1.416 		-53.636 		32.167
v 1.8242 		-11.4429 		219.624
v 0.9749 		-11.9903 		219.8428
v 0.5227 		-12.2818 		219.9594
v -9.364 		-59.924 		23.267
v 2.4258 		-11.0551 		219.4756
v 2.4508 		-11.1076 		219.4777
v -6.999 		-52.282 		23.267
v 3.0119 		-12.288 		219.526
v 2.6746 		-11.5785 		219.4969
v 39.327 		0.601 		117.318
v -15.866 		-57.026 		15.584
v -13.881 		-50.614 		15.584
v -49.6227 		-38.904 		125.3958
v -50.0902 		-39.2004 		125.4212
v -50.4895 		-39.4532 		125.4358
v 30.12 		17.53 		121.91
v -50.855 		-39.6842 		125.4422
v -18.88 		-62.978 		15.584
v 26.2 		30.991 		121.91
v 26.319 		27.406 		121.91
v -51.2117 		-39.9093 		125.4415
v -55.761 		-33.57 		124.722
v 27.029 		23.897 		121.91
v 0.5131 		-12.288 		219.9619
v -51.5823 		-40.1428 		125.4336
v -57.051 		-34.789 		124.722
v 28.309 		20.572 		121.91
v -51.9924 		-40.4007 		125.4171
v -58.118 		-36.224 		124.722
v -52.4806 		-40.7074 		125.3891
v -58.933 		-37.832 		124.722
v -52.8834 		-40.96 		125.3596
v -59.469 		-39.564 		124.722
v 17.159 		31.489 		117.318
v 17.333 		26.248 		117.318
v 18.372 		21.118 		117.318
v -28.817 		-62.431 		9.351
v -53.1135 		-41.1044 		125.3427
v -53.248 		-41.1886 		125.3311
v 8.988 		31.938 		111.085
v -25.742 		-58.299 		9.351
v 9.212 		25.201 		111.085
v 10.547 		18.607 		111.085
v 7.33 		-15.711 		219.212
v 32.406 		14.864 		121.91
v -53.4783 		-41.3329 		125.3111
v -54.0116 		-41.667 		125.2649
v 22.89 		11.809 		117.318
v 26.232 		7.912 		117.318
v -54.0317 		-41.6796 		125.2631
v 30.167 		4.683 		117.318
v 20.243 		16.256 		117.318
v 0.1553 		-12.5186 		220.0541
v 20.651 		1.629 		111.085
v 4.8263 		-16.1032 		219.6844
v 4.1517 		-14.6856 		219.624
v -54.8886 		-42.2161 		125.1796
v -54.7743 		-42.1444 		125.1908
v -54.1028 		-41.7241 		125.2562
v -54.8885 		-42.2162 		125.1796
v -54.8885 		-42.2164 		125.1797
v -54.7358 		-42.5536 		125.1932
v 0.1555 		-12.5185 		220.054
v 4.9599 		-16.384 		219.6964
v -54.3849 		-43.3946 		125.21
v 16.355 		6.639 		111.085
v 12.952 		12.356 		111.085
v -54.0726 		-44.2141 		125.2097
v -53.7814 		-45.056 		125.1928
v 10.714 		2.176 		103.402
v 1.0512 		-11.611 		213.6091
v 1.1089 		-11.5748 		213.612
v 0.8072 		-11.7645 		213.5968
v 1.1101 		-11.5736 		213.6121
v 1.022 		-11.611 		213.272
v -53.7733 		-45.0792 		125.1923
v -53.4633 		-46.0693 		125.154
v 3.0118 		-15.7654 		213.5003
v 3.2249 		-15.541 		213.5867
v 3.0562 		-15.7185 		213.5764
v 67.941 		-0.973 		111.085
v 3.0525 		-15.7224 		213.5762
v 3.2271 		-15.5387 		213.5868
v 65.702 		-11.154 		103.402
v 3.0466 		-15.7286 		213.5758
v 3.0274 		-15.7488 		213.5747
v 72.192 		-6.896 		103.402
v 3.2236 		-15.5369 		213.5867
v -53.1104 		-47.3109 		125.0858
v 2.7793 		-15.28 		213.4737
v 2.838 		-15.3361 		213.5784
v 77.878 		-1.52 		103.402
v -52.658 		-49.0509 		124.9663
v 3.0272 		-15.749 		213.5747
v 2.8376 		-15.3359 		213.5784
v 3.0433 		-15.784 		213.5743
v 3.3188 		-16.384 		213.569
v 68.304 		-16.514 		94.502
v 3.0273 		-15.749 		213.5746
v -51.7596 		-49.0022 		124.997
v -51.2628 		-48.6909 		125.0386
v 3.0272 		-15.749 		213.5747
v 75.64 		-11.701 		94.502
v -51.9984 		-49.152 		124.977
v 1.9758 		-13.459 		213.5952
v -52.6558 		-49.06 		124.9656
v 82.069 		-5.623 		94.502
v -52.6632 		-49.152 		124.9574
v 2.3989 		-14.3805 		213.5869
v 2.7246 		-15.0899 		213.5806
v 70.22 		-20.463 		84.654
v -0.5428 		-19.5021 		221.483
v 78.18 		-15.24 		84.654
v -1.0621 		-18.7785 		221.483
v 85.156 		-8.646 		84.654
v 90.935 		-0.88 		84.654
v -0.8159 		-19.7904 		221.4769
v -0.814 		-19.7884 		221.477
v -0.8394 		-19.8151 		221.4764
v -6.783 		-16.567 		221.569
v -4.34 		-18.0776 		221.448
v -1.0146 		-19.7281 		221.475
v -4.1504 		-17.1054 		221.4592
v 71.394 		-22.882 		74.159
v -4.3403 		-18.0774 		221.448
v 79.736 		-17.408 		74.159
v 87.047 		-10.497 		74.159
v -6.9649 		-16.7595 		221.3985
v -6.9688 		-16.7635 		221.3983
v -7.0163 		-16.8135 		221.3959
v 93.103 		-2.358 		74.159
v 69.391 		33.392 		217.743
v 68.987 		33.072 		218.074
v -3.289 		-24.112 		219.63
v -3.283 		-24.107 		221.11
v -3.29 		-24.113 		218.268
v 43.845 		-8.708 		15.584
v -3.287 		-24.111 		220.993
v 33.5675 		-0.2753 		11.3191
v -3.404 		-24.203 		217.194
v -3.332 		-24.147 		217.805
v 50.262 		-8.473 		111.085
v 38.9641 		-1.0501 		10.5804
v 38.765 		-1.081 		10.6488
v 37.4574 		-0.8783 		10.8174
v 56.542 		-7.071 		111.085
v 62.496 		-4.546 		111.085
v 51.123 		-15.834 		103.402
v 44.2681 		-0.2278 		9.4228
v 44.2671 		-0.228 		9.423
v 44.172 		-0.2427 		9.4438
v 58.608 		-14.163 		103.402
v 0 		-17.1915 		221.16
v 45.1016 		-0.0986 		9.351
v 45.1055 		-0.098 		9.3508
v 44.273 		-0.129 		117.318
v 14.562 		-20.547 		63.334
v 37.487 		-7.77 		111.085
v 23.382 		-25.471 		63.334
v 43.845 		-8.708 		111.085
v 15.036 		-19.781 		52.51
v 23.722 		-24.63 		52.51
v 35.898 		-14.996 		103.402
v 43.475 		-16.114 		103.402
v 69.757 		33.681 		217.323
v -8.081 		-17.94 		220.353
v 69.423 		33.417 		214.228
v 69.757 		33.681 		214.506
v 70.006 		33.878 		216.783
v 70.149 		33.991 		215.521
v 70.029 		33.896 		214.862
v 70.183 		34.019 		216.218
v 67.578 		31.957 		213.535
v 67.675 		32.034 		218.409
v 65.732 		30.497 		212.839
v 66.353 		30.988 		218.649
v 64.833 		41.086 		216.783
v 64.976 		41.199 		215.521
v 65.01 		41.226 		216.218
v 64.855 		41.104 		214.862
v 64.218 		40.6 		217.743
v 64.584 		40.889 		217.323
v 62.502 		39.242 		218.409
v 63.814 		40.28 		218.074
v 60.2 		37.421 		218.671
v 61.18 		38.196 		218.649
v -23.398 		-53.669 		9.351
v -32.538 		-59.464 		7.0139
v -32.768 		-59.5818 		6.978
v 59.22 		36.645 		218.701
v -32.1974 		-59.1216 		7.0066
v -32.1987 		-59.123 		7.0066
v 57.904 		35.604 		219.05
v -29.1006 		-56.009 		7.3198
v -31.0049 		-57.923 		7.1273
v -27.651 		-54.552 		7.6398
v -28.1044 		-55.0077 		7.5397
v -26.5023 		-52.2854 		7.6403
v -26.5027 		-52.2861 		7.6403
v 64.584 		40.889 		214.506
v 62.405 		39.165 		213.535
v -25.9413 		-51.1784 		7.7461
v -47.2568 		-63.4277 		5.2885
v -47.259 		-63.4274 		5.2883
v -47.7895 		-63.3429 		5.2379
v 64.25 		40.625 		214.228
v -49.152 		-63.1259 		5.1086
v -43.5204 		-63.3853 		5.6639
v -44.4692 		-63.5363 		5.6352
v -45.522 		-63.704 		5.6032
v -39.6524 		-62.7693 		6.125
v -41.0113 		-62.9857 		5.963
v -35.9302 		-61.2009 		6.4842
v -37.5469 		-62.0287 		6.3884
v 55.291 		33.537 		219.499
v -38.696 		-62.617 		6.3204
v -34.1711 		-60.3002 		6.7589
v 56.586 		34.562 		219.405
v 60.016 		37.275 		212.433
v -63.14 		-56.965 		4.759
v -65.426 		-54.299 		4.759
v 60.559 		37.705 		212.839
v 59.503 		36.869 		211.966
v 58.096 		35.756 		210.555
v 56.715 		34.663 		209.105
v 55.194 		33.46 		207.309
v -63.392 		-54.552 		4.364
v -63.9267 		-53.4969 		4.2835
v -64.0657 		-53.2227 		4.2626
v -62.1266 		-55.8239 		4.326
v -64.066 		-53.2221 		4.2626
v -61.9377 		-56.0138 		4.3336
v -65.5257 		-50.3418 		4.1996
v -65.536 		-50.3214 		4.2002
v 10.229 		-2.116 		211.914
v 9.861 		-2.408 		211.904
v 9.485 		-2.705 		212.441
v 9.141 		-2.977 		212.823
v 34.65 		17.206 		231.855
v 38.486 		20.24 		229.708
v 37.063 		19.115 		230.591
v 43.659 		13.033 		229.708
v 10.786 		-1.676 		209.988
v 10.543 		-1.867 		210.825
v -51.0025 		-48.5275 		125.0568
v -50.0742 		-47.9451 		125.1216
v -57.72 		-48.202 		124.722
v -59.71 		-41.367 		124.722
v -59.65 		-43.187 		124.722
v -59.289 		-44.969 		124.722
v -58.639 		-46.657 		124.722
v 11.979 		-0.731 		206.785
v 11.342 		-1.236 		208.363
v -48.56 		-52.284 		124.722
v -46.863 		-51.906 		124.722
v -45.255 		-51.223 		124.722
v -43.784 		-50.258 		124.722
v 15.251 		-9.444 		211.897
v 14.658 		-9.912 		212.441
v -35.438 		-55.949 		121.91
v -33.335 		-53.122 		121.91
v 15.034 		-9.615 		211.904
v -47.384 		-62.34 		121.91
v 15.402 		-9.324 		211.914
v 15.414 		-9.315 		211.918
v 15.426 		-9.305 		211.923
v -44.042 		-61.594 		121.91
v -40.875 		-60.25 		121.91
v -37.977 		-58.349 		121.91
v -56.559 		-49.555 		124.722
v -52.469 		-49.45 		124.987
v -65.3661 		-50.6567 		4.2064
v -55.192 		-50.677 		124.722
v -53.661 		-51.532 		124.722
v -60.448 		-59.173 		4.759
v -52.6986 		-49.591 		124.9184
v -52.6184 		-49.541 		124.925
v -52.5503 		-49.4983 		124.9307
v -52.5502 		-49.4983 		124.9308
v -52.5395 		-49.4915 		124.9316
v -52.6985 		-49.5902 		124.9184
v -52.6984 		-49.5894 		124.9185
v -52.011 		-52.094 		124.722
v -57.431 		-60.857 		4.759
v -50.294 		-52.348 		124.722
v -63.14 		-56.965 		121.91
v -65.426 		-54.299 		121.91
v -54.182 		-61.965 		4.759
v -50.8187 		-62.8605 		4.9503
v -51.0235 		-62.8279 		4.9492
v -52.348 		-62.617 		4.9419
v -53.3937 		-62.0815 		4.759
v -60.448 		-59.173 		121.91
v -57.431 		-60.857 		121.91
v -7.8742 		-17.7213 		220.5467
v -7.8742 		-17.7214 		220.4582
v -54.182 		-61.965 		121.91
v -7.8744 		-17.7266 		218.261
v -7.9074 		-17.7624 		217.8581
v -7.912 		-17.7673 		217.8018
v -7.967 		-17.8268 		217.2651
v -7.9744 		-17.8347 		217.194
v -7.8742 		-17.7219 		220.2099
v -50.799 		-62.465 		121.91
v -7.8742 		-17.722 		220.1378
v -7.8741 		-17.7225 		219.8942
v -7.8741 		-17.7226 		219.8513
v -7.8741 		-17.7227 		219.799
v -7.8741 		-17.7228 		219.7849
v -7.8741 		-17.7228 		219.7789
v -7.8741 		-17.7228 		219.7695
v -7.8741 		-17.7227 		219.8224
v -7.8741 		-17.7228 		219.7689
v -7.8741 		-17.7229 		219.7435
v -7.8741 		-17.7232 		219.63
v -7.8741 		-17.7227 		219.8081
v -7.8741 		-17.7228 		219.7588
v -7.8741 		-17.7228 		219.7553
v -7.8741 		-17.7229 		219.7534
v -32.529 		-65.94 		117.318
v -27.605 		-72.802 		111.085
v -7.8743 		-17.7211 		220.5923
v -22.833 		-68.291 		111.085
v -6.974 		-19.2285 		217.194
v -6.8679 		-19.3255 		217.3931
v -6.8065 		-19.3817 		217.5088
v -6.7907 		-19.3309 		217.7959
v -29.843 		-82.982 		103.402
v -6.7912 		-19.2975 		217.9572
v -6.792 		-19.2347 		218.261
v -7.2136 		-18.6434 		219.63
v -7.333 		-18.4763 		219.9274
v -7.5043 		-18.237 		220.3526
v -23.354 		-78.725 		103.402
v 34.609 		-20.858 		94.502
v 43.175 		-22.122 		94.502
v -7.9743 		-17.8346 		217.1937
v -6.9739 		-19.2284 		217.1933
v -17.667 		-73.349 		103.402
v 51.821 		-21.805 		94.502
v -12.956 		-67.017 		103.402
v 60.283 		-19.916 		94.502
v -7.9665 		-17.8264 		217.1363
v -6.966 		-19.2204 		217.1363
v 33.659 		-25.176 		84.654
v 42.954 		-26.548 		84.654
v -59.814 		-58.1483 		4.4198
v -27.242 		-88.342 		94.502
v 9.047 		-11.436 		42.015
v -58.505 		-59.464 		4.5638
v -59.6681 		-58.295 		4.4359
v 16.444 		-17.504 		42.015
v -19.906 		-83.529 		94.502
v -57.1486 		-60.1586 		4.5484
v -57.1489 		-60.1585 		4.5484
v 24.732 		-22.131 		42.015
v -13.477 		-77.451 		94.502
v -54.1252 		-61.7069 		4.6855
v -57.035 		-60.2168 		4.5536
v -8.151 		-70.294 		94.502
v -54.0858 		-61.7271 		4.6894
v -23.756 		-95.525 		63.334
v -25.325 		-92.291 		84.654
v 11.926 		-8.195 		32.167
v -17.365 		-87.069 		84.654
v -15.285 		-89.967 		63.334
v 18.743 		-13.787 		32.167
v -7.862 		-82.949 		63.334
v 26.381 		-18.051 		32.167
v -1.712 		-74.684 		63.334
v -24.152 		-94.71 		52.51
v -15.809 		-89.237 		52.51
v 15.834 		-3.795 		23.267
v -8.499 		-82.325 		52.51
v 21.864 		-8.742 		23.267
v -2.442 		-74.186 		52.51
v 28.62 		-12.513 		23.267
v 2.491 		-20.261 		228.433
v 2.236 		-20.27 		225.575
v 25.711 		-2.522 		15.584
v 14.314 		-10.185 		212.823
v 31.38 		-5.687 		15.584
v 42.236 		11.907 		230.591
v 15.959 		-8.883 		209.988
v 39.823 		9.998 		231.855
v 15.716 		-9.075 		210.825
v 52.335 		-26.204 		84.654
v 61.517 		-24.155 		84.654
v 25.773 		-1.119 		195.884
v 33.44 		4.947 		234.282
v 36.026 		6.994 		233.542
v 34.649 		5.904 		233.98
v 33.078 		-27.821 		74.159
v 42.819 		-29.259 		74.159
v 8.656 		-9.859 		190.217
v 52.65 		-28.898 		74.159
v 7.743 		-10.815 		192.969
v 37.399 		8.08 		233.044
v 62.273 		-26.751 		74.159
v 51.228 		19.021 		223.954
v 53.969 		21.19 		222.176
v -7.9117 		-17.767 		217.805
v -6.7902 		-19.3293 		217.805
v 25.711 		-2.522 		111.085
v 31.38 		-5.687 		111.085
v 15.834 		-3.795 		103.402
v -7.9659 		-17.8259 		217.1322
v 21.864 		-8.742 		103.402
v 63.077 		28.396 		219.05
v -6.9654 		-19.2198 		217.1317
v 60.464 		26.329 		219.499
v 28.62 		-12.513 		103.402
v -7.9598 		-17.8196 		217.088
v -6.9594 		-19.2136 		217.088
v 11.926 		-8.195 		94.502
v -25.325 		-92.291 		42.015
v 18.743 		-13.787 		94.502
v -17.365 		-87.069 		42.015
v 26.381 		-18.051 		94.502
v -10.39 		-80.474 		42.015
v -4.611 		-72.708 		42.015
v 6.092 		-17.639 		221.858
v 6.804 		-17.335 		224.598
v 9.047 		-11.436 		84.654
v 16.444 		-17.504 		84.654
v 24.732 		-22.131 		84.654
v -13.477 		-77.451 		32.167
v -8.151 		-70.294 		32.167
v 15.036 		-19.781 		74.159
v -12.956 		-67.017 		23.267
v 23.722 		-24.63 		74.159
v 1.092 		-20.646 		221.443
v -23.354 		-78.725 		23.267
v -17.667 		-73.349 		23.267
v 0.573 		-21.056 		221.483
v -27.605 		-72.802 		15.584
v -22.833 		-68.291 		15.584
v 91.539 		66.124 		63.334
v 1.5041 		-20.3203 		221.3629
v 1.5023 		-20.3217 		221.3489
v 84.855 		73.918 		63.334
v -32.529 		-65.94 		9.351
v 1.4929 		-20.3288 		221.278
v 1.4913 		-20.3301 		221.2654
v 1.4806 		-20.3385 		221.184
v 76.984 		80.376 		63.334
v 68.164 		85.299 		63.334
v 90.844 		65.574 		52.51
v -27.242 		-88.342 		32.167
v 84.261 		73.25 		52.51
v 0.1551 		-17.5129 		221.184
v 1.1744 		-19.6254 		221.342
v -19.906 		-83.529 		32.167
v 1.2698 		-19.8265 		221.3481
v 76.51 		79.609 		52.51
v -29.843 		-82.982 		23.267
v 67.824 		84.458 		52.51
v 4.255 		-18.361 		213.643
v 4.651 		-18.193 		215.172
v 5.372 		-17.915 		218.515
v -61.886 		-97.005 		42.015
v -43.21 		-98.032 		42.015
v -34.029 		-95.983 		42.015
v 82.498 		71.265 		42.015
v 1.497 		-20.487 		220.887
v 75.101 		77.332 		42.015
v 66.814 		81.959 		42.015
v 5.3603 		-17.2691 		219.6523
v 5.3673 		-17.2634 		219.6907
v -62.664 		-100.54 		63.334
v 1.4409 		-20.37 		220.8806
v 1.4349 		-20.3747 		220.8406
v -52.772 		-102 		63.334
v 79.619 		68.023 		32.167
v -42.789 		-101.634 		63.334
v 72.802 		73.615 		32.167
v -33.018 		-99.453 		63.334
v -62.468 		-99.65 		52.51
v 69.682 		68.57 		23.267
v -52.726 		-101.087 		52.51
v -42.895 		-100.727 		52.51
v 5.0974 		-17.4775 		218.2351
v 102.651 		37.247 		63.334
v 5.1445 		-17.4401 		218.4889
v -33.273 		-98.579 		52.51
v 1.3883 		-20.4117 		220.5323
v 100.575 		47.506 		63.334
v 101.787 		37.135 		52.51
v 99.742 		47.238 		52.51
v -52.591 		-98.376 		42.015
v 99.221 		36.805 		42.015
v 5.0657 		-17.5021 		218.0654
v 96.833 		57.23 		63.334
v -45.284 		-80.301 		15.584
v -39.003 		-78.9 		15.584
v 96.057 		56.815 		52.51
v 1.3169 		-20.4683 		218.397
v 1.3655 		-20.4299 		218.2497
v 1.2768 		-20.5 		218.517
v -33.05 		-76.374 		15.584
v 97.27 		46.445 		42.015
v 93.753 		55.583 		42.015
v -46.281 		-71.774 		9.351
v -41.395 		-70.684 		9.351
v 88.779 		63.941 		42.015
v 2.609 		-19.4456 		214.4991
v 2.792 		-19.3007 		213.9461
v 1.8777 		-20.0244 		216.71
v 1.9348 		-19.9791 		216.5363
v 2.9123 		-19.2057 		213.5854
v 2.9461 		-19.1789 		213.4837
v -36.765 		-68.719 		9.351
v 65.373 		30.213 		218.671
v 6.39 		68.474 		84.654
v 61.759 		27.354 		219.405
v 64.393 		29.438 		218.701
v 4.499 		70.325 		74.159
v -64.166 		-77.515 		15.584
v 59.172 		25.307 		219.658
v -58.059 		-79.598 		15.584
v -51.701 		-80.537 		15.584
v -10.39 		-80.474 		84.654
v -65.378 		-67.145 		9.351
v -60.968 		-69.607 		9.351
v -4.611 		-72.708 		84.654
v 5.364 		47.924 		103.402
v 2.999 		40.282 		103.402
v -56.218 		-71.227 		9.351
v -51.272 		-71.957 		9.351
v 4.151 		58.294 		94.502
v 0.09 		50.274 		94.502
v 0.611 		60.708 		84.654
v -60.937 		-92.686 		32.167
v -52.37 		-93.95 		32.167
v -43.725 		-93.633 		32.167
v -35.263 		-91.745 		32.167
v 1.934 		32.326 		103.402
v -59.648 		-86.824 		23.267
v 2.201 		24.297 		103.402
v -52.07 		-87.943 		23.267
v 53.999 		32.515 		219.658
v -44.423 		-87.662 		23.267
v -36.938 		-85.992 		23.267
v 51.391 		30.451 		220.834
v -2.584 		41.636 		94.502
v -3.796 		52.006 		84.654
v 56.564 		23.243 		220.834
v -6.697 		42.633 		84.654
v -91.684 		-0.879 		63.334
v -8.003 		32.873 		84.654
v 48.796 		28.398 		222.176
v -97.833 		-9.144 		63.334
v 46.055 		26.229 		223.954
v -91.047 		-1.503 		52.51
v -97.103 		-9.642 		52.51
v -1.558 		62.186 		74.159
v 43.339 		24.081 		225.833
v -89.156 		-3.354 		42.015
v 41.044 		22.264 		227.888
v -6.176 		53.067 		74.159
v 42.756 		23.619 		226.39
v -94.935 		-11.12 		42.015
v -9.216 		43.243 		74.159
v -10.585 		33.015 		74.159
v 42.179 		23.163 		226.967
v -3.787 		32.641 		94.502
v -102.523 		-18.405 		63.334
v -3.486 		23.564 		94.502
v -105.61 		-28.379 		63.334
v -101.722 		-18.762 		52.51
v -104.762 		-28.585 		52.51
v -24.152 		-94.71 		74.159
v -7.676 		23.024 		84.654
v 4.6161 		-17.8578 		215.6476
v 4.6578 		-17.8249 		215.8718
v -99.342 		-19.822 		42.015
v -102.242 		-29.195 		42.015
v 1.3787 		-20.4193 		218.2071
v -79.64 		-0.299 		32.167
v -69.702 		-0.846 		23.267
v 1.7559 		-20.1208 		217.0769
v 4.7504 		-17.7516 		216.37
v -76.192 		-5.104 		23.267
v 69.682 		68.57 		103.402
v -81.878 		-10.48 		23.267
v 79.619 		68.023 		94.502
v -66.496 		-7.454 		15.584
v 72.802 		73.615 		94.502
v 1.2527 		-20.519 		218.589
v 1.2727 		-20.5032 		218.5293
v -71.941 		-11.027 		15.584
v 1.1436 		-20.6052 		218.9153
v 1.1438 		-20.6051 		218.9162
v 1.1534 		-20.5974 		218.9801
v 82.498 		71.265 		84.654
v -76.713 		-15.538 		15.584
v 1.2076 		-20.5545 		219.3383
v 75.101 		77.332 		84.654
v 2.0767 		-19.8667 		216.1048
v 66.814 		81.959 		84.654
v 4.1793 		-18.2031 		213.6343
v 4.1606 		-18.2179 		213.5525
v 4.5167 		-17.9362 		215.1213
v 4.5249 		-17.9297 		215.1575
v -86.069 		-6.377 		32.167
v -91.395 		-13.534 		32.167
v 90.844 		65.574 		74.159
v 1.3983 		-20.4036 		218.1439
v 1.5283 		-20.3008 		217.7473
v 1.5659 		-20.2711 		217.6424
v 1.5847 		-20.2562 		217.5789
v 1.651 		-20.2038 		217.3881
v 84.261 		73.25 		74.159
v 1.6892 		-20.1736 		217.2781
v -80.666 		-20.85 		15.584
v 5.0622 		-17.5048 		218.0469
v 76.51 		79.609 		74.159
v -67.017 		-17.888 		9.351
v 67.824 		84.458 		74.159
v -70.728 		-21.397 		9.351
v -73.803 		-25.529 		9.351
v -76.148 		-30.159 		9.351
v 75.191 		53.19 		111.085
v 4.1606 		-18.2179 		213.5525
v 70.894 		58.2 		111.085
v 65.835 		62.35 		111.085
v 0.291 		-21.28 		213.333
v 84.887 		50.839 		103.402
v 2.8583 		-19.2482 		213.7456
v 2.8903 		-19.2229 		213.6489
v 80.832 		57.653 		103.402
v 4.1606 		-18.2179 		213.5525
v 75.712 		63.623 		103.402
v -66.21 		-30.706 		4.759
v 2.9232 		-19.1933 		213.4825
v 4.1595 		-18.2155 		213.5525
v 2.8021 		-19.2694 		213.4762
v 2.7963 		-19.273 		213.4759
v 4.1522 		-18.1996 		213.5527
v 82.334 		34.627 		111.085
v 89.344 		35.531 		103.402
v 87.753 		43.39 		103.402
v 2.7775 		-19.2848 		213.4749
v -65.5801 		-32.768 		4.3265
v 5.3752 		-17.2569 		219.7336
v -95.456 		-21.554 		32.167
v 5.772 		-16.943 		219.624
v -98.129 		-30.193 		32.167
v -86.589 		-16.811 		23.267
v 5.3752 		-17.2569 		219.7336
v -15.809 		-89.237 		74.159
v -90.182 		-23.905 		23.267
v -8.499 		-82.325 		74.159
v -92.546 		-31.546 		23.267
v -2.442 		-74.186 		74.159
v -83.68 		-26.802 		15.584
v -7.8738 		-17.726 		218.268
v -7.874 		-17.7239 		219.2464
v -7.8741 		-17.7238 		219.31
v -7.8741 		-17.7235 		219.4553
v -7.8741 		-17.7235 		219.4781
v -7.8741 		-17.7232 		219.6236
v -7.8741 		-17.7232 		219.606
v -6.792 		-19.2333 		218.268
v -6.9637 		-18.9929 		219.0091
v -107 		-38.765 		63.334
v -106.651 		-49.247 		63.334
v 47.929 		16.411 		226.39
v -104.575 		-59.506 		63.334
v 48.513 		16.873 		225.833
v -106.131 		-38.813 		52.51
v -105.787 		-49.135 		52.51
v -103.742 		-59.238 		52.51
v -103.549 		-38.955 		42.015
v -103.221 		-48.805 		42.015
v -101.27 		-58.445 		42.015
v -1.2805 		-20.2988 		213.497
v -1.4522 		-20.48 		213.567
v -1.437 		-20.465 		213.23
v -1.7608 		-20.48 		213.6387
v -1.8936 		-20.4209 		213.6597
v -77.691 		-35.147 		9.351
v -0.7871 		-19.7778 		213.333
v -0.3429 		-20.48 		213.3443
v -0.4608 		-20.2325 		213.333
v 39.895 		21.355 		228.77
v -78.386 		-40.34 		9.351
v -0.708 		-19.6943 		213.338
v -0.6988 		-19.7144 		213.3378
v -0.7071 		-19.6964 		213.338
v -78.212 		-45.58 		9.351
v -1.8953 		-20.4202 		213.6599
v -3.5581 		-19.6151 		213.776
v -4.096 		-19.3547 		213.8135
v -2.1489 		-20.3073 		213.7
v -3.0515 		-19.864 		213.7487
v 47.352 		15.955 		226.967
v 46.217 		15.056 		227.888
v 45.068 		14.148 		228.77
v -3.232 		-24.067 		216.069
v -3.071 		-23.94 		215.227
v -67.814 		-33.873 		4.759
v -68.87 		-37.285 		4.759
v -0.82 		-22.159 		213.7
v -69.346 		-40.837 		4.759
v -2.85 		-23.765 		214.766
v 58.901 		25.092 		205.441
v -69.226 		-44.422 		4.759
v 64.676 		29.661 		211.966
v 65.189 		30.067 		212.433
v -68.516 		-47.931 		4.759
v 61.888 		27.455 		209.105
v 63.269 		28.548 		210.555
v -10.242 		22.693 		74.159
v 60.367 		26.252 		207.309
v -66.4487 		-34.4816 		4.3267
v -66.4487 		-34.4816 		4.3267
v -66.529 		-34.64 		4.3354
v -67.017 		-37.7342 		4.2047
v -67.0169 		-37.7335 		4.2048
v -66.5446 		-34.7387 		4.3312
v -67.5221 		-40.9373 		4.2267
v -67.0724 		-38.086 		4.2072
v 89.992 		53.57 		32.167
v 85.408 		61.273 		32.167
v -67.611 		-41.501 		4.2582
v -67.574 		-41.2665 		4.2451
v 84.887 		50.839 		23.267
v -67.1917 		-44.1596 		4.1616
v -67.1918 		-44.1591 		4.1617
v 80.832 		57.653 		23.267
v 75.712 		63.623 		23.267
v -66.6894 		-47.3446 		4.2023
v -66.6895 		-47.3442 		4.2023
v -67.1322 		-44.5373 		4.1665
v 75.191 		53.19 		15.584
v 53.728 		32.3 		205.441
v -0.262 		-21.718 		213.497
v -66.529 		-48.362 		4.265
v -66.6352 		-47.6884 		4.2235
v -66.1286 		-49.152 		4.2389
v -1.402 		-22.619 		213.776
v -2.287 		-23.319 		214.078
v -93.611 		-39.502 		23.267
v -93.344 		-47.531 		23.267
v -1.98 		-23.077 		213.873
v -46.281 		-71.774 		117.318
v -41.395 		-70.684 		117.318
v -85.664 		-33.214 		15.584
v -36.765 		-68.719 		117.318
v -86.558 		-39.89 		15.584
v -2.574 		-23.547 		214.342
v -86.334 		-46.627 		15.584
v -45.284 		-80.301 		111.085
v -39.003 		-78.9 		111.085
v -79.191 		-65.19 		15.584
v -33.05 		-76.374 		111.085
v -69.314 		-63.916 		9.351
v -72.656 		-60.019 		9.351
v -77.174 		-50.71 		9.351
v -75.303 		-55.572 		9.351
v -65.378 		-67.145 		117.318
v -60.968 		-69.607 		117.318
v -1.4643 		-20.4927 		213.572
v -1.5259 		-20.5575 		213.5971
v -56.218 		-71.227 		117.318
v 74.212 		33.58 		117.318
v -51.272 		-71.957 		117.318
v 73.174 		38.71 		117.318
v 71.303 		43.572 		117.318
v 68.656 		48.019 		117.318
v -64.166 		-77.515 		111.085
v -58.059 		-79.598 		111.085
v -51.701 		-80.537 		111.085
v -67.236 		-51.257 		4.759
v 80.999 		41.222 		111.085
v 3.862 		70.949 		63.334
v 4.499 		70.325 		52.51
v -59.648 		-86.824 		103.402
v -97.233 		-57.149 		32.167
v -52.07 		-87.943 		103.402
v 6.39 		68.474 		42.015
v -44.423 		-87.662 		103.402
v -91.753 		-55.39 		23.267
v -88.887 		-62.839 		23.267
v -36.938 		-85.992 		103.402
v -84.999 		-53.222 		15.584
v 0.611 		60.708 		42.015
v -82.593 		-59.472 		15.584
v 70.894 		58.2 		15.584
v 65.835 		62.35 		15.584
v -99.333 		-39.187 		32.167
v -60.937 		-92.686 		94.502
v -99.031 		-48.264 		32.167
v -52.37 		-93.95 		94.502
v -43.725 		-93.633 		94.502
v -88.855 		-85.918 		63.334
v 95.031 		36.264 		32.167
v -95.539 		-78.124 		63.334
v -80.984 		-92.376 		63.334
v 93.233 		45.149 		32.167
v 89.344 		35.531 		23.267
v 5.3752 		-17.2568 		219.7336
v -72.164 		-97.299 		63.334
v 78.593 		47.472 		111.085
v -94.844 		-77.574 		52.51
v -88.261 		-85.25 		52.51
v -80.51 		-91.609 		52.51
v 99.221 		36.805 		84.654
v -71.824 		-96.458 		52.51
v -35.263 		-91.745 		94.502
v 101.787 		37.135 		74.159
v 99.742 		47.238 		74.159
v -61.886 		-97.005 		84.654
v 0.0771 		-20.9819 		213.333
v 0 		-21.0316 		213.3543
v 4.151 		58.294 		32.167
v -86.498 		-83.265 		42.015
v 0.09 		50.274 		32.167
v -92.779 		-75.941 		42.015
v 0.2692 		-20.8614 		213.3431
v -79.101 		-89.332 		42.015
v 0.2376 		-20.8813 		213.3414
v 0.3913 		-20.7847 		213.3495
v 0.3483 		-20.8112 		213.3473
v 0.5305 		-20.6967 		213.3568
v -70.814 		-93.959 		42.015
v 0.6099 		-20.6465 		213.361
v 1.9825 		-19.7843 		213.4331
v 5.364 		47.924 		23.267
v -97.753 		-67.583 		42.015
v 3.5675 		-16.9256 		213.5641
v 4.0599 		-17.9983 		213.5545
v 2.999 		40.282 		23.267
v -43.21 		-98.032 		84.654
v -34.029 		-95.983 		84.654
v 87.753 		43.39 		23.267
v 82.334 		34.627 		15.584
v -100.833 		-69.23 		63.334
v 80.999 		41.222 		15.584
v -100.057 		-68.815 		52.51
v -52.591 		-98.376 		84.654
v 78.593 		47.472 		15.584
v -62.468 		-99.65 		74.159
v 74.212 		33.58 		9.351
v -52.726 		-101.087 		74.159
v -89.408 		-73.273 		32.167
v -42.895 		-100.727 		74.159
v -83.619 		-80.023 		32.167
v 73.174 		38.71 		9.351
v -33.273 		-98.579 		74.159
v 95.031 		36.264 		94.502
v -93.992 		-65.57 		32.167
v 93.233 		45.149 		94.502
v -79.712 		-75.623 		23.267
v -84.832 		-69.653 		23.267
v 89.992 		53.57 		94.502
v -73.682 		-80.57 		23.267
v 85.408 		61.273 		94.502
v -66.496 		-7.454 		111.085
v -74.894 		-70.2 		15.584
v -71.941 		-11.027 		111.085
v -69.835 		-74.35 		15.584
v 97.27 		46.445 		84.654
v -76.713 		-15.538 		111.085
v 93.753 		55.583 		84.654
v -69.702 		-0.846 		103.402
v -76.192 		-5.104 		103.402
v 88.779 		63.941 		84.654
v -81.878 		-10.48 		103.402
v -76.802 		-85.615 		32.167
v -69.164 		-89.879 		32.167
v 96.057 		56.815 		74.159
v -66.925 		-84.342 		23.267
v -66.21 		-30.706 		121.91
v -67.017 		-17.888 		117.318
v -70.728 		-21.397 		117.318
v 72.148 		18.159 		117.318
v -73.803 		-25.529 		117.318
v -76.148 		-30.159 		117.318
v 73.691 		23.147 		117.318
v -80.666 		-20.85 		111.085
v 74.386 		28.34 		117.318
v 51.331 		30.404 		201.625
v 81.664 		21.214 		111.085
v -83.68 		-26.802 		111.085
v 82.558 		27.89 		111.085
v 56.505 		23.196 		201.625
v -86.589 		-16.811 		103.402
v 54.122 		21.311 		197.79
v -90.182 		-23.905 		103.402
v 88.546 		19.546 		103.402
v -92.546 		-31.546 		103.402
v 89.611 		27.502 		103.402
v -79.64 		-0.299 		94.502
v 1.934 		32.326 		23.267
v -86.069 		-6.377 		94.502
v -91.395 		-13.534 		94.502
v 2.201 		24.297 		23.267
v 48.949 		28.519 		197.79
v -95.456 		-21.554 		94.502
v -98.129 		-30.193 		94.502
v -2.288 		62.684 		63.334
v -89.156 		-3.354 		84.654
v -6.977 		53.424 		63.334
v -94.935 		-11.12 		84.654
v -10.064 		43.449 		63.334
v -11.454 		33.063 		63.334
v -1.558 		62.186 		52.51
v -6.176 		53.067 		52.51
v -9.216 		43.243 		52.51
v 51.542 		19.27 		194.551
v -10.585 		33.015 		52.51
v -91.047 		-1.503 		74.159
v -97.103 		-9.642 		74.159
v 52.052 		19.673 		195.105
v 71.303 		43.572 		9.351
v 51.012 		18.85 		194.028
v 68.656 		48.019 		9.351
v -99.342 		-19.822 		84.654
v -102.242 		-29.195 		84.654
v -101.722 		-18.762 		74.159
v -104.762 		-28.585 		74.159
v 98.523 		6.405 		63.334
v 101.61 		16.379 		63.334
v 103 		26.765 		63.334
v -67.814 		-33.873 		121.91
v 0.623 		-11.782 		211.743
v 100.762 		16.585 		52.51
v -68.87 		-37.285 		121.91
v 0.234 		-11.931 		209.934
v 102.131 		26.813 		52.51
v -69.346 		-40.837 		121.91
v -69.226 		-44.422 		121.91
v 99.549 		26.955 		42.015
v -68.516 		-47.931 		121.91
v -77.691 		-35.147 		117.318
v -78.386 		-40.34 		117.318
v 97.722 		6.762 		52.51
v 4.019 		-14.714 		208.479
v 95.342 		7.822 		42.015
v -78.212 		-45.58 		117.318
v 98.242 		17.195 		42.015
v 3.582 		-15.169 		211.354
v 4.427 		-14.288 		206.058
v 94.129 		18.193 		32.167
v -85.664 		-33.214 		111.085
v -86.558 		-39.89 		111.085
v 95.333 		27.187 		32.167
v -86.334 		-46.627 		111.085
v 88.546 		19.546 		23.267
v 4.877 		-13.818 		203.631
v -93.611 		-39.502 		103.402
v 89.611 		27.502 		23.267
v -93.344 		-47.531 		103.402
v 82.558 		27.89 		15.584
v 81.664 		21.214 		15.584
v 72.148 		18.159 		9.351
v -67.236 		-51.257 		121.91
v 73.691 		23.147 		9.351
v -72.656 		-60.019 		117.318
v -69.314 		-63.916 		117.318
v 0.055 		-16.1732 		202.7566
v 74.386 		28.34 		9.351
v -77.174 		-50.71 		117.318
v -75.303 		-55.572 		117.318
v -3.796 		52.006 		42.015
v -6.697 		42.633 		42.015
v -8.003 		32.873 		42.015
v -79.191 		-65.19 		111.085
v 87.395 		1.534 		32.167
v 91.456 		9.554 		32.167
v 2.64 		-16.188 		200.14
v 82.589 		4.811 		23.267
v 5.833 		-12.818 		199.675
v 86.182 		11.905 		23.267
v -84.999 		-53.222 		111.085
v -82.593 		-59.472 		111.085
v -91.753 		-55.39 		103.402
v 72.713 		3.538 		15.584
v -88.887 		-62.839 		103.402
v 76.666 		8.85 		15.584
v 3.452 		-15.338 		197.334
v -2.584 		41.636 		32.167
v 79.68 		14.802 		15.584
v 66.728 		9.397 		9.351
v -11.106 		22.581 		63.334
v 69.803 		13.529 		9.351
v -10.242 		22.693 		52.51
v -97.233 		-57.149 		94.502
v -7.676 		23.024 		42.015
v -99.333 		-39.187 		94.502
v 58.664 		88.54 		63.334
v 48.772 		90 		63.334
v -99.031 		-48.264 		94.502
v -3.787 		32.641 		32.167
v 38.789 		89.634 		63.334
v -3.486 		23.564 		32.167
v -103.549 		-38.955 		84.654
v 58.468 		87.65 		52.51
v -103.221 		-48.805 		84.654
v 48.726 		89.087 		52.51
v -101.27 		-58.445 		84.654
v 38.895 		88.727 		52.51
v -9.183 		-16.863 		190.892
v -106.131 		-38.813 		74.159
v -105.787 		-49.135 		74.159
v -103.742 		-59.238 		74.159
v -10.424 		-17.458 		187.364
v -11.725 		-18.094 		183.882
v 57.886 		85.005 		42.015
v 48.591 		86.376 		42.015
v 39.21 		86.032 		42.015
v -74.894 		-70.2 		111.085
v -69.835 		-74.35 		111.085
v -8.751 		-15.963 		179.102
v -79.712 		-75.623 		103.402
v -84.832 		-69.653 		103.402
v -73.682 		-80.57 		103.402
v 65.164 		77.879 		32.167
v -66.925 		-84.342 		103.402
v 56.937 		80.686 		32.167
v -9.513 		-16.343 		177.219
v 62.925 		72.342 		23.267
v 55.648 		74.824 		23.267
v 54.059 		67.598 		15.584
v -89.408 		-73.273 		94.502
v -83.619 		-80.023 		94.502
v 48.37 		81.95 		32.167
v 39.725 		81.633 		32.167
v 48.07 		75.943 		23.267
v -93.992 		-65.57 		94.502
v 40.423 		75.662 		23.267
v -92.779 		-75.941 		84.654
v 32.938 		73.992 		23.267
v -97.753 		-67.583 		84.654
v 47.701 		68.537 		15.584
v 41.284 		68.301 		15.584
v 0.0895 		-12.605 		208.1556
v 35.003 		66.9 		15.584
v -76.802 		-85.615 		94.502
v 0.176 		-12.695 		208.3287
v -69.164 		-89.879 		94.502
v -86.498 		-83.265 		84.654
v -79.101 		-89.332 		84.654
v 1.9862 		-14.521 		212.0576
v -70.814 		-93.959 		84.654
v 0.2523 		-12.7744 		208.4815
v 0.9962 		-13.5219 		210.0214
v 29.018 		87.453 		63.334
v 19.756 		83.525 		63.334
v 2.4381 		-16.3785 		210.4682
v 2.6936 		-16.1051 		211.9806
v 2.5869 		-16.2192 		211.3502
v 11.285 		77.967 		63.334
v 1.8915 		-14.4305 		211.8886
v 1.6332 		-14.1655 		211.3553
v 1.2448 		-13.7732 		210.5424
v 29.273 		86.579 		52.51
v -94.844 		-77.574 		74.159
v -88.261 		-85.25 		74.159
v 20.152 		82.71 		52.51
v 11.809 		77.237 		52.51
v -80.51 		-91.609 		74.159
v -1.5436 		-20.5767 		213.6044
v -71.824 		-96.458 		74.159
v -0.0373 		-21.0557 		213.3647
v -0.0529 		-21.0657 		213.369
v 30.029 		83.983 		42.015
v -0.0613 		-21.0714 		213.3713
v 21.325 		80.291 		42.015
v 13.365 		75.069 		42.015
v -8.023 		-16.557 		214.766
v -7.5 		-17.343 		213.234
v -7.82 		-17.6742 		216.069
v -6.9484 		-18.8886 		216.069
v -6.9365 		-18.9366 		216.1631
v -6.9271 		-19.1808 		216.855
v 66.728 		9.397 		117.318
v 31.263 		79.745 		32.167
v 69.803 		13.529 		117.318
v 23.242 		76.342 		32.167
v -7.6758 		-17.5238 		215.227
v 72.713 		3.538 		111.085
v 15.906 		71.529 		32.167
v -6.9749 		-18.5003 		215.227
v 1.893 		-16.972 		202.429
v 2.267 		-16.58 		201.285
v -7.4782 		-17.3161 		214.766
v 25.843 		70.982 		23.267
v -6.6586 		-18.4582 		214.766
v 19.354 		66.725 		23.267
v -7.257 		-17.0834 		214.3845
v -6.3253 		-18.496 		214.4652
v 60.166 		65.515 		15.584
v 1.111 		-19.675 		201.017
v 2.112 		-19.241 		204.75
v -7.2323 		-17.0574 		214.342
v 3.073 		-18.834 		208.498
v 65.314 		51.916 		9.351
v -6.1883 		-18.5118 		214.342
v 61.378 		55.145 		9.351
v 56.968 		57.607 		9.351
v -6.9998 		-16.8123 		214.1029
v -6.9756 		-16.7868 		214.078
v -5.6067 		-18.694 		214.078
v -5.8038 		-18.6323 		214.1675
v 52.218 		59.227 		9.351
v 3.468 		-18.681 		210.305
v -6.9756 		-16.7867 		214.078
v -5.6062 		-18.6942 		214.0778
v -6.8963 		-16.7031 		214.0186
v -6.7257 		-16.5232 		213.891
v -6.7017 		-16.4979 		213.873
v -4.9472 		-18.9426 		213.873
v -5.2102 		-18.8435 		213.9548
v 50.182 		49.965 		4.759
v 76.666 		8.85 		111.085
v -6.7016 		-16.4978 		213.873
v -4.9465 		-18.9429 		213.873
v 79.68 		14.802 		111.085
v 47.272 		59.957 		9.351
v 42.281 		59.774 		9.351
v 37.395 		58.684 		9.351
v 82.589 		4.811 		103.402
v -4.2587 		-19.2759 		213.8249
v 86.182 		11.905 		103.402
v -8.456 		-16.899 		221.11
v 46.799 		50.465 		4.759
v -8.506 		-16.939 		217.805
v 43.384 		50.34 		4.759
v -8.577 		-16.995 		217.194
v 40.042 		49.594 		4.759
v 99.549 		26.955 		84.654
v 100.762 		16.585 		74.159
v -8.462 		-16.904 		219.63
v -8.461 		-16.903 		220.993
v -8.463 		-16.905 		218.268
v 102.131 		26.813 		74.159
v 61.426 		42.299 		4.759
v 59.14 		44.965 		4.759
v 56.448 		47.173 		4.759
v -8.577 		-18.47 		217.51
v -8.383 		-18.262 		219.01
v 87.395 		1.534 		94.502
v 91.456 		9.554 		94.502
v 53.431 		48.857 		4.759
v 94.129 		18.193 		94.502
v 95.333 		27.187 		94.502
v 95.342 		7.822 		84.654
v 98.242 		17.195 		84.654
v -8.405 		-16.859 		216.069
v 64.516 		35.931 		4.759
v -8.244 		-16.732 		215.227
v -8.334 		-18.217 		216.164
v 63.236 		39.257 		4.759
v 97.722 		6.762 		74.159
v -8.488 		-18.377 		216.856
v 57.381 		33.6406 		2.5845
v 57.3817 		33.6391 		2.5847
v 57.8024 		32.8306 		2.6582
v 54.059 		67.598 		111.085
v 62.925 		72.342 		103.402
v -2.481 		-12.047 		211.358
v 57.105 		34.171 		2.5651
v 55.9129 		35.3386 		2.3637
v 56.3796 		34.8815 		2.4425
v 55.648 		74.824 		103.402
v 54.4479 		36.7736 		2.212
v 54.7077 		36.5191 		2.2389
v 47.701 		68.537 		111.085
v 41.284 		68.301 		111.085
v 35.003 		66.9 		111.085
v 48.07 		75.943 		103.402
v 40.423 		75.662 		103.402
v 32.938 		73.992 		103.402
v -1.636 		-11.166 		206.062
v -2.044 		-11.592 		208.483
v 65.164 		77.879 		94.502
v 56.937 		80.686 		94.502
v 48.37 		81.95 		94.502
v 39.725 		81.633 		94.502
v -4.953 		-14.671 		205.145
v 57.886 		85.005 		84.654
v -5.743 		-15.499 		207.852
v 48.591 		86.376 		84.654
v 39.21 		86.032 		84.654
v 58.468 		87.65 		74.159
v 48.726 		89.087 		74.159
v -16.065 		-20.274 		173.363
v 38.895 		88.727 		74.159
v 25.843 		70.982 		103.402
v 19.354 		66.725 		103.402
v -0.4458 		-12.2498 		207.8532
v -0.3652 		-12.1756 		207.413
v -0.3579 		-12.1688 		207.3728
v -0.356 		-12.167 		207.3624
v -0.16 		-12.084 		208.127
v -0.923 		-12.7046 		210.7456
v -0.5606 		-12.3558 		208.482
v -0.545 		-12.3414 		208.3967
v 31.263 		79.745 		94.502
v -12.832 		-27.024 		173.735
v 23.242 		76.342 		94.502
v -4.9289 		-14.9677 		205.7682
v -1.0209 		-12.7988 		211.357
v 15.906 		71.529 		94.502
v -4.7096 		-14.7963 		205.1448
v -4.7517 		-14.8292 		205.2644
v -8.9 		-24.442 		171.837
v 30.029 		83.983 		84.654
v -4.9804 		-15.0094 		205.9177
v -4.9938 		-15.0199 		205.9557
v -5.0033 		-15.0272 		205.9825
v 21.325 		80.291 		84.654
v -14.75 		-19.037 		165.71
v -5.139 		-15.08 		205.363
v -4.8992 		-14.9458 		205.6866
v 13.365 		75.069 		84.654
v -12.133 		-17.692 		171.466
v -6.188 		-15.966 		209.083
v 29.273 		86.579 		74.159
v 20.152 		82.71 		74.159
v 11.809 		77.237 		74.159
v -12.259 		-26.153 		164.151
v -11.517 		-25.787 		166.081
v 50.182 		49.965 		121.91
v 65.314 		51.916 		117.318
v 61.378 		55.145 		117.318
v 56.968 		57.607 		117.318
v 52.218 		59.227 		117.318
v -4.1484 		-16.0979 		207.364
v -3.796 		-13.458 		201.289
v 60.166 		65.515 		111.085
v -4.17 		-13.851 		202.433
v -16.229 		-19.765 		161.842
v -1.186 		-10.696 		203.635
v -15.493 		-19.403 		163.779
v -14.305 		-27.182 		159.228
v -12.996 		-26.515 		162.214
v -15.644 		-27.871 		156.279
v -3.423 		-13.066 		200.144
v -2.611 		-12.216 		197.338
v -2.548 		-13.1197 		199.2653
v -2.548 		-13.1199 		199.2659
v -2.635 		-13.1883 		199.5164
v -2.6917 		-13.2327 		199.6793
v -3.0382 		-13.5007 		200.6074
v -2.8532 		-13.3594 		200.1436
v -2.7605 		-13.2867 		199.8771
v -16.327 		-28.233 		154.969
v -5.998 		-15.442 		201.997
v -3.346 		-13.7359 		201.3792
v -3.7678 		-14.058 		202.4327
v -3.3099 		-13.7083 		201.2887
v -22.053 		-23.333 		159.812
v -3.8287 		-14.1058 		202.608
v -20.523 		-22.519 		162.659
v -20.478 		-22.496 		162.763
v -21.281 		-22.921 		161.223
v -6.887 		-15.826 		198.642
v -20.435 		-22.475 		162.871
v -0.23 		-9.696 		199.679
v -1.418 		-14.3965 		200.7269
v -1.8817 		-13.8597 		200.143
v -17.538 		-20.432 		158.857
v -18.877 		-21.121 		155.908
v -0.1719 		-15.9091 		202.4304
v -0.528 		-15.4766 		201.9439
v -1.0084 		-14.8934 		201.2872
v -1.482 		-21.665 		207.67
v -1.906 		-21.83 		205.734
v -1.057 		-21.5 		209.606
v -0.181 		-21.122 		212.9
v -1.0196 		-20.0265 		211.8555
v -0.9828 		-19.9876 		212.0273
v -0.8117 		-19.8051 		212.8276
v -6.633 		-16.433 		210.313
v -1.8747 		-19.0273 		210.62
v -1.0235 		-20.031 		211.8368
v -17.245 		-29.246 		163.135
v -2.7778 		-17.9073 		209.408
v -2.0915 		-18.7716 		210.31
v -17.202 		-29.225 		163.242
v -18.048 		-29.671 		161.595
v -18.82 		-30.083 		160.183
v -3.0024 		-17.6064 		209.0809
v -3.2824 		-17.2312 		208.6728
v -3.8468 		-16.4754 		207.8508
v -17.29 		-29.269 		163.03
v -2.764 		-22.192 		202.368
v -3.654 		-22.576 		199.013
v -19.561 		-21.483 		154.598
v -21.139 		-22.336 		151.901
v -4.936 		-14.215 		191.511
v -20.268 		-21.861 		153.326
v -8.011 		-16.328 		194.754
v -22.031 		-22.825 		150.523
v -23.685 		-23.754 		148.367
v -3.529 		-13.569 		196.078
v -1.799 		-11.365 		194.533
v -0.965 		-10.489 		191.977
v -1.383 		-10.928 		193.255
v -0.526 		-10.03 		190.459
v -17.906 		-29.086 		152.272
v -20.452 		-30.504 		148.738
v -18.798 		-29.575 		150.894
v -17.034 		-28.611 		153.697
v -22.516 		-32.084 		153.942
v -0.296 		-20.319 		196.45
v -4.778 		-23.078 		195.125
v -25.749 		-25.334 		153.571
v -29.51 		-27.386 		147.524
v -1.703 		-20.965 		191.883
v -5.95 		-23.613 		191.263
v -22.098 		-31.428 		146.564
v -23.793 		-32.352 		143.822
v 3.792 		16.438 		103.402
v -25.332 		-24.678 		146.192
v -27.026 		-25.602 		143.45
v 6.659 		8.989 		103.402
v -31.375 		-28.461 		145.599
v 1.554 		6.258 		94.502
v -32.62 		0.513 		103.402
v -1.687 		14.679 		94.502
v -5.724 		13.384 		84.654
v -2.208 		4.246 		84.654
v -8.196 		12.59 		74.159
v -29.68 		-27.068 		139.517
v -28.72 		-26.526 		140.714
v -22.743 		1.787 		94.502
v -30.666 		-27.632 		138.422
v -31.607 		-28.187 		137.692
v -32.543 		-28.738 		136.939
v -30.381 		6.051 		94.502
v -4.511 		3.013 		74.159
v -26.276 		-34.136 		147.895
v -26.447 		-33.818 		139.888
v -20.444 		5.504 		84.654
v -25.487 		-33.276 		141.085
v -31.351 		-37.056 		142.564
v -28.142 		-35.211 		145.97
v -28.732 		10.131 		84.654
v -30.05 		-36.32 		144.173
v -32.655 		-37.793 		140.967
v -11.284 		1.422 		74.159
v -19.036 		7.781 		74.159
v -27.722 		12.63 		74.159
v -39.898 		2.996 		103.402
v -47.475 		4.114 		103.402
v -55.123 		3.834 		103.402
v -62.608 		2.163 		103.402
v -29.31 		-35.488 		137.31
v -28.374 		-34.937 		138.063
v -27.433 		-34.382 		138.794
v -47.175 		10.122 		94.502
v -31.026 		-36.457 		135.178
v -32.739 		-37.424 		133.022
v -34.585 		-30.306 		142.193
v -35.888 		-31.043 		140.596
v -33.283 		-29.57 		143.802
# 2649 vertices

g group_0_1206582

usemtl color_1206582
s 0

f 53 	54 	51
f 51 	57 	50
f 62 	51 	50
f 51 	2206 	57
f 2204 	54 	53
f 50 	63 	62
f 63 	66 	62
f 50 	15 	63
f 2206 	50 	57
f 66 	63 	15
f 50 	2206 	15
f 62 	104 	103
f 51 	103 	538
f 104 	62 	101
f 104 	106 	103
f 107 	70 	103
f 103 	51 	62
f 119 	70 	107
f 101 	134 	104
f 70 	195 	102
f 111 	107 	103
f 107 	111 	121
f 103 	128 	111
f 130 	106 	104
f 104 	131 	130
f 131 	104 	134
f 62 	132 	101
f 119 	121 	128
f 130 	131 	128
f 134 	132 	131
f 132 	66 	15
f 132 	128 	131
f 107 	121 	119
f 121 	111 	128
f 130 	128 	106
f 106 	128 	103
f 134 	101 	132
f 62 	66 	132
f 539 	538 	70
f 538 	103 	70
f 102 	539 	70
f 190 	119 	128
f 102 	195 	209
f 102 	209 	539
f 190 	70 	119
f 70 	190 	195
f 208 	209 	207
f 190 	128 	207
f 190 	207 	209
f 190 	209 	195
f 217 	1845 	1841
f 218 	227 	220
f 217 	231 	232
f 1678 	1680 	218
f 246 	232 	231
f 1678 	218 	217
f 217 	640 	562
f 231 	217 	420
f 231 	420 	242
f 243 	246 	248
f 250 	248 	249
f 250 	243 	248
f 243 	1673 	1678
f 243 	232 	246
f 246 	231 	248
f 249 	248 	242
f 248 	231 	242
f 217 	232 	243
f 243 	1678 	217
f 640 	217 	856
f 217 	426 	420
f 418 	424 	420
f 418 	547 	424
f 242 	420 	249
f 250 	249 	420
f 420 	424 	250
f 549 	554 	426
f 426 	465 	549
f 418 	426 	417
f 426 	217 	562
f 420 	426 	418
f 428 	465 	426
f 439 	476 	477
f 439 	1411 	476
f 495 	496 	488
f 496 	495 	1244
f 536 	488 	535
f 488 	536 	1540
f 539 	541 	538
f 542 	540 	538
f 206 	542 	538
f 538 	207 	206
f 538 	541 	207
f 540 	546 	544
f 207 	541 	208
f 208 	541 	209
f 539 	209 	541
f 495 	488 	543
f 543 	538 	540
f 488 	538 	543
f 540 	544 	543
f 495 	543 	498
f 206 	207 	545
f 1677 	543 	546
f 544 	546 	543
f 545 	546 	540
f 545 	540 	206
f 542 	206 	540
f 424 	547 	250
f 547 	548 	250
f 549 	550 	551
f 552 	549 	551
f 551 	553 	552
f 548 	554 	549
f 549 	243 	250
f 549 	250 	548
f 547 	418 	548
f 417 	554 	548
f 417 	426 	554
f 418 	417 	548
f 549 	465 	550
f 465 	428 	550
f 552 	559 	630
f 428 	555 	427
f 426 	562 	555
f 428 	426 	555
f 551 	550 	428
f 428 	427 	551
f 553 	551 	427
f 555 	553 	427
f 552 	553 	555
f 552 	630 	632
f 632 	549 	552
f 560 	561 	555
f 562 	560 	555
f 564 	560 	562
f 559 	552 	561
f 555 	561 	552
f 630 	559 	560
f 560 	564 	630
f 632 	631 	562
f 562 	563 	632
f 630 	631 	632
f 632 	243 	549
f 632 	1018 	243
f 564 	562 	631
f 632 	563 	634
f 561 	560 	559
f 630 	564 	631
f 639 	640 	641
f 640 	653 	652
f 641 	650 	639
f 562 	640 	652
f 654 	562 	652
f 652 	658 	654
f 983 	652 	653
f 650 	641 	1017
f 562 	654 	563
f 680 	479 	688
f 1742 	1740 	477
f 669 	668 	439
f 1411 	439 	668
f 669 	439 	670
f 673 	439 	672
f 676 	439 	673
f 672 	439 	674
f 439 	676 	670
f 680 	681 	477
f 479 	680 	477
f 680 	688 	687
f 687 	690 	680
f 688 	479 	692
f 693 	692 	479
f 680 	707 	706
f 690 	707 	680
f 694 	693 	479
f 711 	694 	479
f 699 	681 	700
f 1341 	681 	699
f 695 	698 	680
f 695 	680 	696
f 698 	704 	680
f 705 	709 	680
f 706 	705 	680
f 696 	680 	701
f 700 	681 	702
f 704 	710 	680
f 701 	680 	709
f 702 	680 	710
f 1351 	1312 	681
f 723 	724 	726
f 723 	729 	730
f 758 	2426 	1094
f 740 	726 	735
f 741 	726 	740
f 744 	726 	741
f 739 	758 	735
f 745 	735 	758
f 754 	750 	758
f 745 	758 	746
f 746 	758 	747
f 747 	758 	750
f 2426 	758 	739
f 2426 	739 	757
f 2426 	757 	733
f 732 	735 	726
f 733 	732 	726
f 742 	729 	743
f 758 	756 	755
f 723 	743 	729
f 801 	726 	744
f 758 	802 	754
f 733 	726 	2426
f 723 	801 	743
f 755 	802 	758
f 726 	801 	723
f 887 	729 	811
f 811 	729 	812
f 812 	729 	814
f 1005 	1003 	758
f 887 	888 	729
f 742 	814 	729
f 724 	821 	726
f 730 	912 	723
f 640 	983 	653
f 640 	855 	641
f 640 	856 	855
f 1028 	1029 	856
f 856 	854 	1028
f 654 	634 	563
f 639 	650 	1016
f 1017 	1016 	650
f 882 	854 	856
f 882 	1076 	854
f 874 	1200 	882
f 888 	889 	729
f 889 	890 	729
f 817 	756 	758
f 2401 	2400 	726
f 726 	2392 	896
f 726 	821 	2401
f 918 	723 	912
f 913 	912 	730
f 929 	928 	729
f 730 	729 	928
f 913 	730 	928
f 729 	931 	929
f 724 	922 	821
f 923 	922 	724
f 922 	909 	821
f 821 	909 	904
f 918 	921 	723
f 921 	920 	723
f 987 	723 	920
f 987 	920 	935
f 980 	981 	982
f 632 	982 	981
f 634 	982 	632
f 934 	933 	724
f 923 	724 	933
f 986 	723 	987
f 931 	729 	936
f 936 	729 	997
f 986 	985 	723
f 723 	985 	989
f 997 	729 	999
f 989 	988 	723
f 990 	993 	723
f 990 	723 	988
f 993 	992 	723
f 934 	724 	991
f 994 	991 	723
f 992 	994 	723
f 724 	723 	991
f 758 	1009 	1008
f 1007 	758 	1008
f 1013 	758 	1007
f 982 	654 	980
f 1017 	1015 	1016
f 1018 	632 	981
f 658 	980 	654
f 652 	981 	658
f 983 	1018 	981
f 1015 	1018 	1016
f 654 	982 	634
f 980 	658 	981
f 652 	983 	981
f 640 	639 	1018
f 639 	1016 	1018
f 640 	1018 	983
f 1015 	641 	855
f 1017 	641 	1015
f 1018 	1029 	1028
f 855 	856 	1029
f 1029 	1018 	1015
f 1018 	1028 	243
f 1015 	855 	1029
f 1182 	1027 	1034
f 1073 	1037 	1109
f 1169 	1034 	1074
f 1034 	1027 	1076
f 1076 	1074 	1034
f 1093 	1091 	1092
f 882 	1093 	1094
f 882 	1074 	1076
f 1092 	1094 	1093
f 882 	1182 	1093
f 1083 	681 	1106
f 1037 	1083 	1106
f 1106 	1109 	1037
f 854 	1076 	1027
f 1028 	854 	1027
f 1182 	1028 	1027
f 1182 	1034 	1169
f 1182 	882 	1200
f 1181 	1196 	1179
f 1093 	1182 	1179
f 1196 	1091 	1179
f 1037 	1159 	1167
f 729 	890 	1002
f 891 	817 	758
f 1209 	1181 	1179
f 1863 	1182 	1870
f 1209 	1179 	1182
f 1002 	999 	729
f 1005 	758 	1012
f 1013 	1012 	758
f 1093 	1179 	1091
f 1003 	891 	758
f 1006 	1005 	1012
f 1014 	1006 	1012
f 1010 	1006 	1014
f 439 	1212 	1213
f 477 	681 	1212
f 439 	477 	1212
f 1222 	1217 	1216
f 1233 	1232 	1211
f 1247 	1233 	1211
f 1211 	1214 	1540
f 1211 	537 	1247
f 1239 	1240 	1677
f 1234 	1720 	1235
f 1235 	1720 	1236
f 1236 	476 	1238
f 1239 	498 	1240
f 1244 	1239 	1232
f 1232 	496 	1244
f 1233 	1248 	1232
f 537 	1233 	1247
f 1248 	1233 	535
f 1248 	535 	488
f 488 	1232 	1248
f 1232 	488 	496
f 1239 	1244 	495
f 1240 	498 	543
f 495 	498 	1239
f 543 	1677 	1240
f 1277 	1262 	1266
f 1262 	1554 	1266
f 1552 	1523 	1553
f 1526 	1262 	1277
f 1293 	1109 	1106
f 1167 	1083 	1037
f 1289 	1106 	1290
f 681 	1290 	1106
f 1290 	681 	1291
f 1312 	1291 	681
f 1287 	1106 	1289
f 1287 	1286 	1106
f 1286 	1285 	1106
f 1293 	1106 	1284
f 1285 	1284 	1106
f 1294 	1332 	1293
f 1297 	1332 	1294
f 1109 	1293 	1332
f 1169 	1083 	1167
f 1074 	1083 	1169
f 1159 	1205 	1332
f 1073 	1205 	1159
f 1205 	1073 	1109
f 1332 	1205 	1109
f 1037 	1073 	1159
f 1351 	681 	1341
f 680 	702 	681
f 1296 	1344 	1332
f 1297 	1296 	1332
f 1935 	1332 	1344
f 1182 	1863 	1209
f 1091 	1196 	1092
f 1181 	1092 	1196
f 1209 	1094 	1181
f 1406 	1723 	1400
f 476 	1402 	1238
f 758 	1094 	1362
f 758 	1362 	1360
f 758 	1360 	1359
f 1359 	1361 	758
f 1009 	758 	1361
f 1409 	1216 	1410
f 1409 	1222 	1216
f 1407 	1723 	1405
f 1410 	1723 	1407
f 1234 	1400 	1723
f 1405 	1723 	1406
f 1402 	476 	1411
f 1213 	1418 	1417
f 1416 	674 	1213
f 1416 	1213 	1417
f 439 	1213 	674
f 1213 	1222 	1418
f 1413 	1418 	1222
f 1413 	1222 	1409
f 1212 	1217 	1222
f 1212 	1222 	1213
f 1215 	1218 	1217
f 1215 	1217 	1212
f 1215 	1423 	1218
f 1422 	1217 	1423
f 1217 	1422 	1424
f 1617 	1691 	1424
f 1423 	1426 	1422
f 1218 	1423 	1217
f 711 	479 	712
f 1441 	712 	479
f 1429 	1424 	1691
f 2426 	882 	1094
f 2426 	1074 	882
f 1457 	1456 	1458
f 1457 	1453 	1420
f 1465 	1470 	1457
f 1459 	1458 	1456
f 1458 	1460 	1457
f 1494 	1456 	1455
f 1468 	1459 	1456
f 1456 	1461 	1455
f 1462 	1457 	1420
f 1998 	1463 	1457
f 1457 	1463 	1456
f 1804 	1807 	1457
f 1456 	1463 	1461
f 1421 	1462 	1420
f 1465 	1466 	1488
f 1465 	1467 	1466
f 1465 	1469 	1470
f 1460 	1467 	1465
f 1466 	1459 	1468
f 1466 	1458 	1459
f 1458 	1466 	1467
f 1471 	1472 	1469
f 1473 	1474 	1471
f 1453 	1457 	1470
f 1470 	1469 	1453
f 1420 	1453 	1469
f 1469 	1472 	1420
f 1421 	1420 	1472
f 1472 	1471 	1421
f 1462 	1421 	1471
f 1464 	1462 	1474
f 1471 	1474 	1462
f 1464 	1474 	1473
f 1829 	1478 	1465
f 1465 	1478 	1471
f 1471 	1478 	1473
f 1465 	1471 	1469
f 1468 	1488 	1466
f 1488 	1494 	1489
f 1494 	1455 	1489
f 1461 	1489 	1455
f 1488 	1456 	1494
f 1488 	1468 	1456
f 1467 	1460 	1458
f 1465 	1457 	1460
f 1829 	1511 	1512
f 1478 	1503 	1481
f 1481 	1503 	1506
f 1489 	1510 	1488
f 1488 	1510 	1465
f 1277 	1524 	1525
f 1829 	1465 	1507
f 1829 	1513 	1514
f 1525 	1526 	1277
f 1465 	1510 	1507
f 1489 	1461 	1510
f 1511 	1997 	1512
f 1512 	2001 	1513
f 1526 	1525 	1669
f 1523 	1277 	1266
f 1527 	1529 	1528
f 1524 	1550 	1525
f 1530 	1528 	1529
f 1277 	1523 	1552
f 1266 	1553 	1523
f 1540 	1531 	1262
f 488 	1262 	538
f 1262 	488 	1540
f 1531 	1532 	1262
f 1532 	1531 	1674
f 1531 	1672 	1674
f 1277 	1552 	1546
f 1553 	1266 	1554
f 1540 	1541 	1531
f 1214 	1531 	1541
f 536 	537 	1540
f 1540 	1214 	1541
f 1211 	1540 	537
f 1547 	1550 	1546
f 1546 	1552 	1553
f 1553 	1554 	1546
f 2425 	1426 	1423
f 1590 	1589 	2420
f 1429 	1613 	1428
f 1612 	1428 	1613
f 2420 	1625 	1590
f 1613 	1429 	1614
f 1429 	1691 	1615
f 1614 	1429 	1615
f 1626 	1428 	1612
f 2420 	1631 	1625
f 1698 	1428 	1632
f 1385 	1384 	1368
f 1368 	1367 	1385
f 1094 	2121 	1371
f 1367 	1371 	1385
f 1370 	1368 	1384
f 1376 	1094 	1371
f 1362 	1094 	1393
f 1398 	1397 	1094
f 1379 	1398 	1376
f 1383 	1398 	1379
f 1374 	1373 	1384
f 1373 	1370 	1384
f 1374 	1384 	1387
f 1374 	1387 	1390
f 1390 	1382 	1374
f 1393 	1094 	1397
f 1094 	1376 	1398
f 1092 	1181 	1094
f 1547 	1525 	1550
f 1554 	1262 	1674
f 1532 	1674 	1262
f 1546 	1669 	1547
f 1554 	1669 	1546
f 1529 	1671 	1530
f 1524 	1277 	1550
f 1527 	217 	218
f 1277 	1546 	1550
f 220 	1527 	218
f 1525 	1547 	1669
f 1527 	1845 	217
f 217 	1841 	1839
f 874 	1526 	1669
f 1200 	874 	1669
f 220 	233 	1527
f 1674 	1672 	1554
f 1672 	1211 	1554
f 1232 	1554 	1211
f 1232 	207 	1554
f 1671 	1673 	1530
f 1672 	1214 	1211
f 1529 	1527 	1671
f 1673 	1671 	1527
f 1672 	1531 	1214
f 1527 	233 	1673
f 537 	536 	1233
f 536 	535 	1233
f 1677 	1232 	1239
f 545 	207 	1677
f 1677 	546 	545
f 207 	1232 	1677
f 1678 	1673 	1679
f 1679 	1680 	1678
f 1958 	1673 	243
f 243 	1688 	1958
f 1673 	1686 	1679
f 1673 	233 	1686
f 1679 	1686 	220
f 220 	227 	1679
f 220 	1686 	233
f 1679 	227 	1680
f 227 	218 	1680
f 1695 	1631 	2420
f 1216 	1720 	1723
f 1720 	1216 	1217
f 1774 	1760 	1217
f 1732 	1720 	1733
f 1720 	1732 	1731
f 1234 	1723 	1720
f 1728 	1727 	1720
f 1731 	1728 	1720
f 1740 	1739 	479
f 479 	477 	1740
f 477 	1720 	1742
f 1727 	1742 	1720
f 476 	1236 	1720
f 477 	476 	1720
f 1410 	1216 	1723
f 1756 	1935 	1757
f 1770 	1167 	1772
f 1167 	1756 	1772
f 1780 	1904 	1167
f 1720 	1217 	1759
f 1733 	1720 	1759
f 1760 	1759 	1217
f 1787 	1424 	1785
f 1804 	1457 	1462
f 1481 	1506 	1697
f 1464 	1801 	1462
f 1697 	1803 	1699
f 1804 	1697 	1699
f 1804 	1481 	1697
f 1801 	1804 	1462
f 1807 	1804 	1699
f 1832 	1835 	1807
f 1506 	1503 	1803
f 1478 	1481 	1804
f 1803 	1697 	1506
f 1478 	1804 	1801
f 1473 	1478 	1801
f 1473 	1801 	1464
f 1503 	1478 	1829
f 1512 	1513 	1829
f 1507 	1511 	1829
f 1832 	1807 	1829
f 1503 	1829 	1699
f 1807 	1699 	1829
f 1699 	1803 	1503
f 1832 	1839 	1835
f 1689 	1835 	1839
f 1839 	1841 	1689
f 1688 	1689 	1841
f 1849 	1845 	1847
f 1887 	1797 	1424
f 1209 	1863 	1862
f 1870 	1182 	1169
f 1877 	1880 	1424
f 1786 	1785 	1424
f 1878 	1424 	1787
f 1880 	1881 	1424
f 1878 	1877 	1424
f 1881 	1882 	1424
f 1882 	1885 	1424
f 1796 	1424 	1797
f 1862 	1892 	1209
f 1209 	1892 	1891
f 1899 	1898 	1424
f 1902 	1900 	1424
f 1869 	1902 	1424
f 1897 	1896 	1424
f 1898 	1897 	1424
f 1424 	1796 	1869
f 1899 	1424 	1900
f 1169 	1904 	1870
f 1770 	1780 	1167
f 1866 	1786 	1424
f 1424 	1896 	1866
f 1169 	1167 	1904
f 1890 	1209 	1889
f 1889 	1209 	1891
f 1924 	1927 	1209
f 1912 	1920 	1209
f 1920 	1924 	1209
f 1424 	1885 	1217
f 1774 	1217 	1885
f 1915 	1798 	1992
f 1915 	1799 	1798
f 1795 	1794 	2031
f 1424 	2031 	1794
f 1927 	2121 	1209
f 1799 	1915 	1923
f 1890 	1912 	1209
f 1923 	1915 	1925
f 2113 	2112 	1915
f 1925 	1915 	1926
f 1935 	1756 	1167
f 1933 	1757 	1935
f 1620 	1619 	1426
f 1601 	1599 	2424
f 2424 	1598 	1597
f 1598 	2424 	1599
f 1602 	2424 	1603
f 1602 	1607 	2424
f 1606 	1605 	2424
f 1601 	2424 	1605
f 1606 	2424 	1607
f 1422 	1426 	1619
f 1847 	1853 	1849
f 1945 	2426 	1586
f 1618 	1617 	1424
f 1952 	1618 	1424
f 1619 	1953 	1422
f 1946 	1947 	2424
f 1947 	1948 	2424
f 1986 	1958 	1956
f 2424 	1948 	1949
f 1949 	1951 	2424
f 1951 	1950 	2424
f 1603 	2424 	1950
f 1953 	1952 	1422
f 1424 	1422 	1952
f 1985 	1956 	1853
f 1849 	1853 	1956
f 1849 	1958 	1845
f 1610 	2425 	1583
f 1583 	2425 	1584
f 1584 	2425 	1591
f 1849 	1956 	1958
f 1597 	1596 	2424
f 1595 	1594 	2424
f 1591 	2424 	1593
f 1593 	2424 	1594
f 1600 	2424 	1604
f 1595 	2424 	1600
f 1596 	1604 	2424
f 1426 	1621 	1620
f 1845 	1958 	1688
f 1621 	1426 	1610
f 2425 	1610 	1426
f 1845 	1688 	1841
f 1689 	1688 	243
f 1845 	1527 	1847
f 1847 	1527 	1528
f 856 	217 	1839
f 1847 	1528 	1974
f 1972 	1965 	1973
f 1530 	1987 	1528
f 1973 	1965 	1971
f 856 	1832 	1829
f 1971 	1977 	1973
f 1971 	1976 	1978
f 1978 	1977 	1971
f 1028 	1835 	1689
f 1968 	2353 	1992
f 1982 	1981 	2034
f 856 	1839 	1832
f 1985 	1986 	1956
f 1987 	1530 	1986
f 1673 	1986 	1530
f 1429 	1428 	1988
f 1794 	1887 	1424
f 1988 	2031 	1424
f 1988 	1424 	1429
f 243 	1028 	1689
f 1988 	1989 	1994
f 2003 	1807 	1028
f 1626 	1632 	1428
f 1807 	1835 	1028
f 1986 	1673 	1958
f 1986 	1985 	1847
f 1853 	1847 	1985
f 1917 	1795 	2031
f 1918 	1917 	2031
f 1987 	1986 	1974
f 1918 	2031 	1992
f 1918 	1992 	1798
f 1974 	1986 	1847
f 1974 	1528 	1987
f 1807 	2003 	2000
f 1514 	2000 	2003
f 1513 	2001 	2000
f 1995 	2025 	2003
f 1807 	1997 	1998
f 2001 	1807 	2000
f 1998 	1457 	1807
f 2001 	1997 	1807
f 1510 	1461 	1463
f 1507 	1510 	1463
f 1507 	1463 	1998
f 1997 	1511 	1998
f 1507 	1998 	1511
f 2001 	1512 	1997
f 1513 	2000 	1514
f 1915 	1992 	2026
f 2030 	1992 	2031
f 882 	856 	1514
f 856 	1829 	1514
f 2025 	882 	1514
f 1994 	2031 	1988
f 2031 	2034 	2030
f 1915 	2026 	2358
f 1994 	2040 	2031
f 2395 	2394 	2040
f 2404 	2403 	2031
f 2394 	2399 	2031
f 2031 	2040 	2394
f 2389 	2395 	2040
f 1935 	1167 	1159
f 2091 	1938 	1935
f 1332 	1935 	1159
f 1739 	1441 	479
f 1935 	1344 	1343
f 1343 	1352 	1935
f 1933 	1935 	1938
f 2091 	1935 	1352
f 2104 	2103 	1915
f 2120 	1371 	2121
f 1385 	1371 	2120
f 1514 	2003 	2025
f 2176 	2200 	22
f 22 	2178 	2176
f 2176 	1995 	2200
f 2178 	22 	2188
f 2176 	2172 	2025
f 2025 	1995 	2176
f 2172 	2176 	2178
f 51 	2172 	53
f 51 	1526 	2025
f 2025 	1526 	874
f 1526 	51 	1262
f 51 	2025 	2172
f 2188 	53 	2172
f 1200 	1669 	1995
f 1995 	1182 	1200
f 1669 	2200 	1995
f 1028 	1182 	2003
f 1182 	1995 	2003
f 22 	53 	2188
f 2172 	2178 	2188
f 2025 	874 	882
f 51 	538 	1262
f 1669 	1554 	2200
f 2200 	132 	15
f 2200 	207 	128
f 2200 	1554 	207
f 128 	132 	2200
f 2200 	2204 	22
f 22 	2204 	53
f 15 	2206 	2200
f 2200 	2206 	51
f 54 	2200 	51
f 2200 	54 	2204
f 1094 	1209 	2121
f 1931 	1926 	1915
f 2109 	2113 	1915
f 2112 	2114 	1915
f 1915 	2111 	2109
f 2117 	1915 	2116
f 2114 	2116 	1915
f 1931 	1915 	2117
f 2111 	1915 	2103
f 2353 	2053 	2026
f 2052 	1966 	2026
f 1965 	2026 	1966
f 2053 	2052 	2026
f 2026 	1992 	2353
f 2355 	1915 	2356
f 2358 	2356 	1915
f 2104 	1915 	2355
f 2026 	1965 	2358
f 1972 	2358 	1965
f 1992 	1983 	1980
f 1969 	1968 	1992
f 1980 	1969 	1992
f 1981 	2030 	2034
f 1992 	2030 	1983
f 1984 	1983 	2030
f 2030 	1981 	1984
f 2440 	726 	2361
f 2361 	726 	896
f 1695 	2420 	1701
f 2364 	1988 	2365
f 1698 	1702 	1428
f 1988 	1428 	2366
f 2365 	1988 	2366
f 2366 	1428 	1702
f 1988 	2364 	1989
f 2374 	1989 	2364
f 1994 	1989 	2379
f 2374 	2379 	1989
f 2371 	2442 	2377
f 2377 	2361 	2381
f 896 	2381 	2361
f 1994 	2379 	2382
f 2389 	2040 	1994
f 2381 	896 	2386
f 1994 	2382 	2389
f 2392 	726 	2393
f 2398 	2393 	726
f 2404 	2031 	2399
f 896 	2392 	2386
f 821 	2402 	2401
f 2034 	2031 	2403
f 904 	906 	821
f 2402 	821 	2407
f 2414 	2034 	2408
f 726 	2400 	2398
f 2407 	821 	906
f 2403 	2408 	2034
f 2414 	1982 	2034
f 1212 	2416 	1215
f 2420 	1589 	2418
f 2418 	1690 	1587
f 2424 	2425 	2416
f 1945 	1946 	2426
f 2426 	1212 	681
f 1083 	1074 	2426
f 681 	1083 	2426
f 2424 	1212 	2426
f 1587 	1586 	2418
f 2416 	1212 	2424
f 2416 	1423 	1215
f 2425 	1423 	2416
f 1588 	2418 	1589
f 1690 	2418 	1588
f 2420 	2440 	1701
f 2426 	2418 	1586
f 2363 	1701 	2440
f 2424 	2426 	1946
f 2424 	1591 	2425
f 2440 	2418 	2426
f 2426 	726 	2440
f 2418 	2440 	2420
f 2440 	2361 	2442
f 2442 	2371 	2440
f 2363 	2440 	2371
f 2361 	2377 	2442
# 915 faces

g group_0_6306067

usemtl color_6306067
s 0

f 58 	56 	59
f 2633 	59 	56
f 60 	23 	65
f 23 	60 	59
f 58 	59 	60
f 65 	72 	56
f 58 	65 	56
f 60 	65 	58
f 94 	61 	93
f 46 	2646 	24
f 61 	24 	2646
f 68 	67 	64
f 64 	129 	68
f 129 	64 	69
f 84 	80 	69
f 72 	69 	80
f 80 	56 	72
f 78 	75 	79
f 67 	68 	79
f 78 	79 	68
f 144 	1168 	80
f 64 	67 	79
f 75 	64 	79
f 148 	78 	68
f 75 	84 	69
f 64 	75 	69
f 91 	90 	24
f 91 	93 	90
f 118 	135 	120
f 91 	24 	92
f 92 	94 	91
f 24 	61 	92
f 92 	61 	94
f 120 	93 	61
f 91 	94 	93
f 120 	90 	93
f 90 	120 	135
f 118 	139 	135
f 139 	734 	135
f 919 	1023 	72
f 908 	914 	90
f 139 	143 	734
f 141 	143 	118
f 118 	120 	141
f 141 	734 	143
f 139 	118 	143
f 148 	129 	144
f 148 	84 	75
f 84 	144 	80
f 144 	84 	148
f 78 	148 	75
f 146 	447 	127
f 68 	129 	148
f 445 	452 	149
f 144 	151 	152
f 129 	69 	151
f 151 	69 	72
f 153 	447 	146
f 451 	445 	175
f 149 	175 	445
f 136 	175 	149
f 263 	150 	179
f 191 	958 	194
f 199 	958 	138
f 939 	937 	192
f 196 	939 	193
f 192 	193 	939
f 197 	194 	958
f 199 	198 	958
f 197 	958 	198
f 288 	2261 	287
f 150 	263 	253
f 181 	162 	153
f 162 	181 	247
f 182 	114 	181
f 247 	181 	114
f 453 	153 	146
f 151 	144 	129
f 253 	264 	256
f 259 	144 	145
f 147 	259 	145
f 253 	263 	264
f 151 	1346 	265
f 1326 	1327 	151
f 152 	151 	265
f 150 	253 	450
f 265 	154 	152
f 154 	147 	152
f 154 	259 	147
f 145 	152 	147
f 152 	145 	144
f 259 	154 	265
f 256 	264 	269
f 263 	269 	264
f 275 	279 	390
f 140 	431 	117
f 283 	1064 	952
f 225 	289 	2385
f 288 	287 	2385
f 289 	288 	2385
f 226 	225 	2385
f 300 	127 	299
f 306 	2240 	307
f 2240 	2233 	316
f 297 	300 	2387
f 2387 	2385 	297
f 299 	2387 	300
f 298 	297 	2385
f 305 	299 	127
f 127 	133 	305
f 305 	310 	2387
f 2387 	299 	305
f 308 	306 	2387
f 306 	307 	2397
f 308 	2387 	309
f 2397 	2387 	306
f 309 	2387 	310
f 316 	2233 	317
f 317 	2397 	316
f 316 	2397 	307
f 2342 	2341 	319
f 2340 	2342 	2397
f 319 	2397 	2342
f 324 	284 	322
f 1683 	117 	324
f 324 	117 	284
f 275 	628 	279
f 272 	869 	391
f 407 	322 	284
f 403 	1685 	407
f 446 	399 	448
f 399 	446 	402
f 397 	398 	441
f 398 	442 	441
f 442 	398 	402
f 284 	431 	407
f 133 	432 	431
f 324 	322 	1683
f 413 	435 	412
f 435 	2261 	412
f 140 	133 	431
f 284 	117 	431
f 432 	127 	433
f 444 	402 	446
f 400 	448 	399
f 127 	432 	133
f 136 	458 	434
f 446 	448 	395
f 153 	162 	447
f 448 	400 	395
f 127 	447 	433
f 451 	434 	445
f 450 	593 	449
f 453 	849 	847
f 136 	434 	451
f 150 	149 	452
f 455 	452 	454
f 136 	451 	175
f 395 	182 	453
f 453 	446 	395
f 444 	446 	453
f 454 	452 	256
f 857 	1071 	453
f 453 	149 	150
f 269 	454 	256
f 453 	146 	127
f 269 	263 	454
f 455 	454 	179
f 263 	179 	454
f 453 	442 	444
f 150 	452 	455
f 179 	150 	455
f 442 	402 	444
f 441 	442 	453
f 846 	857 	453
f 2261 	435 	149
f 149 	435 	456
f 436 	456 	435
f 458 	136 	456
f 457 	399 	402
f 2261 	149 	297
f 447 	162 	457
f 149 	456 	136
f 593 	594 	457
f 2530 	445 	2590
f 459 	445 	434
f 443 	459 	434
f 457 	402 	398
f 443 	434 	458
f 443 	456 	459
f 456 	443 	458
f 445 	459 	2590
f 398 	397 	457
f 436 	459 	456
f 452 	445 	457
f 460 	462 	461
f 457 	615 	593
f 615 	457 	464
f 829 	457 	828
f 457 	829 	453
f 453 	464 	457
f 453 	449 	464
f 450 	449 	453
f 474 	466 	473
f 450 	453 	150
f 593 	615 	449
f 469 	457 	114
f 114 	182 	469
f 395 	469 	182
f 688 	480 	687
f 486 	932 	485
f 485 	932 	489
f 486 	497 	932
f 556 	557 	558
f 557 	972 	558
f 972 	586 	558
f 1192 	1710 	556
f 463 	461 	473
f 474 	473 	462
f 473 	565 	463
f 461 	462 	473
f 466 	474 	460
f 462 	460 	474
f 473 	466 	566
f 566 	565 	473
f 566 	567 	2311
f 570 	571 	568
f 568 	571 	770
f 569 	572 	568
f 572 	570 	568
f 577 	984 	572
f 585 	570 	572
f 572 	480 	481
f 572 	481 	581
f 572 	581 	585
f 984 	1033 	572
f 1123 	573 	572
f 574 	575 	570
f 574 	774 	575
f 574 	576 	775
f 578 	583 	580
f 578 	581 	582
f 579 	580 	583
f 578 	582 	583
f 580 	579 	581
f 579 	583 	581
f 579 	583 	580
f 582 	581 	583
f 582 	799 	583
f 580 	784 	579
f 583 	579 	784
f 583 	784 	582
f 581 	584 	585
f 574 	570 	585
f 574 	585 	576
f 586 	972 	577
f 885 	478 	471
f 400 	399 	469
f 469 	399 	457
f 247 	114 	457
f 395 	400 	469
f 247 	457 	162
f 447 	457 	433
f 457 	594 	452
f 256 	452 	594
f 884 	471 	594
f 450 	884 	594
f 450 	594 	593
f 464 	449 	615
f 622 	629 	628
f 622 	628 	647
f 633 	628 	629
f 629 	622 	813
f 390 	633 	629
f 273 	647 	275
f 633 	279 	628
f 972 	984 	577
f 283 	638 	273
f 643 	664 	642
f 391 	664 	643
f 666 	668 	669
f 669 	670 	666
f 272 	391 	643
f 391 	869 	664
f 628 	275 	647
f 642 	664 	869
f 672 	666 	673
f 670 	676 	666
f 673 	666 	676
f 869 	870 	642
f 647 	273 	638
f 572 	687 	480
f 692 	693 	480
f 688 	692 	480
f 693 	694 	480
f 711 	480 	694
f 695 	696 	572
f 710 	572 	702
f 698 	695 	572
f 705 	706 	572
f 700 	702 	572
f 704 	698 	572
f 710 	704 	572
f 690 	687 	572
f 690 	572 	707
f 707 	572 	706
f 731 	732 	733
f 90 	135 	734
f 907 	908 	734
f 731 	735 	732
f 731 	739 	735
f 735 	731 	740
f 740 	731 	741
f 743 	801 	2466
f 801 	744 	2466
f 741 	731 	744
f 735 	745 	731
f 745 	746 	731
f 746 	747 	731
f 748 	749 	1132
f 750 	754 	731
f 747 	750 	731
f 754 	802 	2452
f 756 	2452 	755
f 2452 	731 	754
f 733 	757 	731
f 141 	893 	894
f 731 	757 	739
f 766 	765 	932
f 762 	958 	764
f 764 	932 	765
f 932 	767 	766
f 767 	932 	497
f 788 	791 	932
f 493 	932 	494
f 581 	437 	582
f 773 	776 	927
f 768 	777 	774
f 769 	770 	768
f 491 	489 	932
f 568 	769 	569
f 770 	769 	568
f 570 	575 	768
f 776 	780 	927
f 780 	786 	927
f 768 	571 	570
f 492 	491 	932
f 768 	770 	571
f 777 	768 	575
f 774 	574 	775
f 789 	927 	786
f 777 	575 	774
f 778 	768 	774
f 778 	782 	779
f 784 	779 	783
f 788 	932 	787
f 494 	932 	785
f 584 	779 	782
f 581 	783 	779
f 775 	778 	774
f 792 	794 	932
f 576 	778 	775
f 778 	576 	585
f 581 	582 	783
f 785 	932 	790
f 582 	784 	783
f 778 	585 	782
f 584 	782 	585
f 584 	581 	779
f 790 	932 	793
f 791 	792 	932
f 793 	932 	795
f 796 	932 	797
f 797 	932 	794
f 795 	932 	798
f 796 	798 	932
f 438 	799 	437
f 580 	799 	578
f 481 	437 	581
f 581 	799 	580
f 932 	764 	958
f 800 	958 	763
f 800 	137 	958
f 763 	958 	762
f 138 	958 	137
f 731 	2466 	744
f 755 	2452 	802
f 812 	2466 	811
f 814 	2466 	812
f 813 	273 	275
f 622 	457 	833
f 761 	760 	840
f 833 	819 	622
f 813 	622 	819
f 831 	828 	832
f 888 	2465 	889
f 622 	1142 	457
f 397 	833 	457
f 847 	849 	828
f 840 	842 	832
f 760 	842 	840
f 760 	846 	842
f 832 	842 	846
f 832 	846 	848
f 848 	831 	832
f 819 	833 	441
f 397 	441 	833
f 761 	846 	760
f 847 	848 	846
f 453 	847 	846
f 819 	441 	453
f 819 	453 	813
f 847 	831 	848
f 829 	828 	849
f 857 	846 	761
f 832 	828 	457
f 847 	828 	831
f 849 	453 	829
f 869 	857 	859
f 390 	813 	275
f 642 	665 	875
f 642 	875 	876
f 859 	875 	665
f 279 	633 	390
f 629 	813 	390
f 859 	870 	869
f 665 	870 	859
f 665 	642 	870
f 832 	457 	876
f 876 	840 	832
f 857 	875 	859
f 761 	840 	876
f 857 	761 	876
f 876 	875 	857
f 450 	253 	884
f 253 	885 	884
f 181 	153 	453
f 181 	453 	182
f 811 	2466 	887
f 891 	1003 	2452
f 916 	919 	72
f 892 	1132 	749
f 894 	897 	141
f 899 	734 	897
f 141 	897 	734
f 905 	903 	734
f 72 	915 	916
f 2622 	90 	914
f 2407 	906 	2473
f 914 	910 	2622
f 899 	901 	734
f 905 	734 	901
f 90 	734 	908
f 910 	911 	2622
f 915 	2648 	917
f 734 	903 	907
f 2530 	2473 	904
f 904 	909 	2530
f 922 	923 	2530
f 2465 	912 	913
f 151 	72 	1023
f 933 	934 	445
f 987 	2551 	986
f 256 	594 	471
f 256 	471 	478
f 885 	471 	884
f 918 	2525 	921
f 912 	2525 	918
f 909 	922 	2530
f 923 	933 	2530
f 445 	2530 	933
f 253 	256 	478
f 885 	253 	478
f 925 	926 	924
f 2465 	913 	928
f 928 	929 	2465
f 929 	931 	2465
f 989 	407 	988
f 985 	407 	989
f 772 	927 	771
f 772 	773 	927
f 934 	991 	445
f 921 	2551 	920
f 935 	920 	987
f 787 	930 	789
f 493 	492 	932
f 932 	924 	930
f 930 	787 	932
f 932 	925 	924
f 810 	927 	806
f 810 	771 	927
f 805 	927 	808
f 809 	813 	807
f 807 	813 	803
f 808 	273 	809
f 936 	997 	2465
f 805 	806 	927
f 927 	789 	930
f 932 	958 	925
f 938 	942 	943
f 937 	938 	958
f 926 	943 	942
f 638 	952 	941
f 941 	939 	647
f 1072 	1069 	939
f 647 	939 	1069
f 927 	939 	941
f 930 	937 	927
f 939 	927 	937
f 941 	647 	638
f 938 	924 	942
f 925 	943 	926
f 638 	283 	952
f 926 	942 	924
f 930 	924 	937
f 924 	938 	937
f 943 	958 	938
f 925 	958 	943
f 1140 	1098 	1142
f 965 	283 	273
f 273 	808 	927
f 580 	583 	799
f 799 	582 	437
f 799 	784 	580
f 799 	1022 	784
f 438 	1022 	799
f 581 	578 	799
f 937 	958 	191
f 920 	2551 	987
f 988 	407 	990
f 1072 	939 	1011
f 431 	992 	993
f 990 	407 	993
f 999 	1002 	2465
f 999 	2465 	997
f 2494 	2452 	1005
f 1003 	1005 	2452
f 191 	192 	937
f 196 	1000 	939
f 1014 	1012 	2494
f 1013 	2494 	1012
f 1001 	1011 	939
f 1000 	1001 	939
f 2494 	1010 	1014
f 1142 	622 	1125
f 889 	2465 	890
f 1005 	1006 	2494
f 1002 	890 	2465
f 1010 	2494 	1006
f 2488 	2487 	1361
f 972 	1019 	984
f 984 	557 	556
f 1019 	557 	984
f 1019 	972 	557
f 984 	556 	1030
f 784 	1022 	1021
f 1023 	1024 	151
f 1026 	1301 	151
f 1025 	1026 	151
f 1021 	779 	784
f 1021 	1666 	779
f 437 	1666 	1021
f 1022 	438 	1021
f 437 	1021 	438
f 701 	709 	572
f 1030 	556 	1210
f 1210 	1711 	1030
f 1043 	1049 	144
f 1036 	1043 	144
f 1032 	1036 	144
f 1291 	1312 	572
f 572 	696 	701
f 572 	709 	705
f 712 	1441 	480
f 1033 	984 	1030
f 1030 	1035 	1033
f 1173 	141 	1177
f 80 	1184 	1219
f 1049 	1056 	144
f 1176 	2641 	1221
f 120 	1177 	141
f 1056 	1130 	144
f 1173 	1174 	141
f 1183 	1220 	2625
f 813 	809 	273
f 1116 	1121 	647
f 927 	965 	273
f 283 	965 	1064
f 1151 	998 	1147
f 647 	1069 	1070
f 1195 	1158 	1071
f 965 	941 	1064
f 1195 	1071 	1171
f 1071 	857 	869
f 1071 	1103 	1067
f 1067 	1103 	1096
f 272 	1071 	869
f 1071 	272 	1098
f 1068 	1067 	1096
f 927 	941 	965
f 952 	1064 	941
f 1068 	1089 	1067
f 1071 	1089 	1171
f 1089 	1071 	1067
f 1089 	1185 	1172
f 1089 	1095 	995
f 995 	1095 	996
f 1098 	643 	642
f 642 	876 	1098
f 1103 	1098 	1095
f 1098 	1140 	998
f 1098 	998 	1095
f 876 	457 	1098
f 457 	1142 	1098
f 998 	996 	1095
f 1096 	1103 	1095
f 1096 	1095 	1068
f 1095 	1089 	1068
f 1122 	1125 	622
f 272 	643 	1098
f 1098 	1103 	1071
f 1070 	1116 	647
f 1118 	1119 	1117
f 622 	647 	1121
f 1121 	1122 	622
f 586 	577 	1186
f 1117 	1119 	1126
f 1126 	573 	1117
f 573 	1126 	572
f 1119 	1128 	1126
f 1123 	1117 	573
f 1152 	1157 	998
f 577 	572 	1126
f 577 	1126 	1128
f 577 	1128 	1118
f 1119 	1118 	1128
f 2527 	1220 	2641
f 1168 	144 	1150
f 1130 	1150 	144
f 1136 	1146 	998
f 141 	1174 	1132
f 998 	1140 	1141
f 1147 	998 	1146
f 1137 	1136 	998
f 1138 	1137 	998
f 1138 	998 	1139
f 2641 	1176 	120
f 80 	1168 	1161
f 998 	1141 	1139
f 2625 	2633 	1178
f 1152 	998 	1151
f 1127 	998 	1157
f 1158 	804 	1071
f 453 	1071 	803
f 453 	803 	813
f 804 	803 	1071
f 1175 	120 	1176
f 1162 	80 	1161
f 1228 	1132 	1227
f 1132 	892 	141
f 1171 	1194 	1195
f 1089 	1172 	1171
f 1177 	120 	1175
f 998 	1171 	1172
f 1189 	1201 	1171
f 2527 	2625 	1220
f 1184 	80 	1162
f 556 	558 	1118
f 1172 	1185 	996
f 995 	996 	1185
f 558 	1186 	1118
f 998 	1172 	996
f 1118 	1186 	577
f 1089 	995 	1185
f 1188 	1171 	1187
f 998 	1187 	1171
f 1171 	1188 	1189
f 1186 	558 	586
f 1193 	1194 	1171
f 1197 	1193 	1171
f 1198 	1197 	1171
f 1198 	1171 	1199
f 1199 	1171 	1201
f 778 	1192 	768
f 998 	1127 	1187
f 1753 	1785 	1192
f 769 	768 	1192
f 1192 	1203 	769
f 572 	569 	1192
f 1203 	569 	769
f 1203 	1192 	569
f 1192 	1118 	1117
f 1192 	779 	1666
f 1898 	1899 	1192
f 1210 	556 	1710
f 1192 	556 	1118
f 1117 	1123 	1192
f 572 	1192 	1123
f 1192 	778 	779
f 1192 	1666 	1667
f 1667 	1753 	1192
f 1221 	2641 	1220
f 1223 	1132 	1224
f 480 	711 	712
f 1224 	1132 	1174
f 1223 	1225 	1132
f 1225 	1227 	1132
f 748 	1132 	1228
f 1235 	1230 	1234
f 1226 	1230 	1235
f 1226 	1235 	1236
f 1226 	1236 	1238
f 1238 	1402 	1226
f 572 	1033 	1290
f 1297 	1294 	1033
f 1284 	1285 	1033
f 1287 	1289 	1033
f 1033 	1285 	1286
f 1286 	1287 	1033
f 893 	141 	892
f 1284 	1033 	1293
f 1293 	1033 	1294
f 1290 	1033 	1289
f 1024 	1025 	151
f 1301 	1302 	151
f 1302 	1303 	151
f 1303 	1305 	151
f 1313 	1316 	151
f 1316 	1318 	151
f 1305 	1309 	151
f 1309 	1313 	151
f 1326 	151 	1320
f 1318 	1320 	151
f 151 	1347 	1346
f 572 	1290 	1291
f 1296 	1297 	1033
f 1352 	1343 	1710
f 700 	572 	699
f 1334 	151 	1327
f 1335 	151 	1334
f 1335 	1338 	151
f 1347 	151 	1338
f 1348 	1349 	265
f 1350 	265 	1349
f 1351 	572 	1312
f 699 	572 	1341
f 1296 	1033 	1344
f 1345 	265 	1346
f 1345 	1348 	265
f 1350 	1353 	265
f 1341 	572 	1351
f 1033 	1710 	1344
f 1356 	265 	1353
f 1357 	265 	1356
f 1009 	1361 	2487
f 1359 	2216 	1361
f 1362 	1363 	1360
f 265 	1357 	1364
f 265 	1364 	1365
f 1365 	1377 	265
f 1370 	1373 	2228
f 1374 	1366 	1373
f 2233 	2228 	1373
f 1394 	1559 	1381
f 1371 	2232 	1376
f 1379 	2232 	1383
f 1388 	1389 	144
f 1382 	1366 	1374
f 1376 	2232 	1379
f 1385 	1366 	1384
f 1533 	144 	1389
f 1387 	1384 	1366
f 1533 	1534 	144
f 1387 	1366 	1390
f 1382 	1390 	1366
f 1362 	1393 	1363
f 1397 	1363 	1393
f 265 	1377 	1559
f 1398 	1378 	1397
f 1363 	1397 	1378
f 1383 	1378 	1398
f 1234 	1230 	1400
f 1402 	1411 	1226
f 1407 	1405 	1230
f 1406 	1230 	1405
f 1406 	1400 	1230
f 672 	1408 	666
f 672 	674 	1408
f 1418 	1413 	1408
f 1413 	1409 	1408
f 1407 	1230 	1410
f 1230 	1226 	666
f 1230 	666 	1408
f 668 	666 	1411
f 1226 	1411 	666
f 1416 	1408 	674
f 1409 	1410 	1230
f 1230 	1408 	1409
f 1418 	1408 	1417
f 1417 	1408 	1416
f 1710 	1192 	1917
f 1594 	1595 	1454
f 1607 	1602 	1454
f 1606 	1607 	1454
f 1949 	1948 	1454
f 1454 	1610 	1583
f 1454 	2432 	1621
f 1621 	1610 	1454
f 1615 	1691 	2431
f 1454 	1583 	1584
f 1584 	1591 	1454
f 1599 	1454 	1598
f 1454 	1593 	1594
f 1596 	1597 	1454
f 1534 	1031 	144
f 1032 	144 	1031
f 144 	259 	1559
f 259 	265 	1559
f 1559 	1392 	144
f 1388 	144 	1392
f 1394 	1396 	1559
f 1381 	1559 	1377
f 1559 	1564 	1565
f 1559 	1565 	1566
f 1559 	1566 	1567
f 1567 	1568 	1559
f 1568 	1392 	1559
f 1559 	1569 	1564
f 1569 	1559 	1570
f 1570 	1559 	1396
f 1612 	1613 	2431
f 1621 	2432 	1620
f 1945 	2443 	1946
f 1587 	2443 	1586
f 1690 	2443 	1587
f 1589 	2443 	1588
f 1590 	2443 	1589
f 1950 	1951 	1454
f 1591 	1593 	1454
f 1600 	1454 	1595
f 1601 	1454 	1599
f 1950 	1454 	1603
f 1602 	1603 	1454
f 1598 	1454 	1597
f 1604 	1596 	1454
f 1605 	1606 	1454
f 1601 	1605 	1454
f 1600 	1604 	1454
f 1614 	2431 	1613
f 1618 	1952 	2431
f 1691 	1617 	2431
f 1620 	2432 	1619
f 1625 	1631 	2443
f 1612 	2446 	1626
f 1631 	1695 	2443
f 1626 	2446 	1632
f 453 	300 	149
f 310 	305 	133
f 133 	140 	310
f 1588 	2443 	1690
f 1617 	1618 	2431
f 1632 	2446 	1698
f 1702 	1698 	2446
f 1035 	1030 	1711
f 1710 	1711 	1210
f 1035 	1711 	1710
f 1710 	1747 	1748
f 1917 	1918 	1710
f 1740 	1742 	1667
f 1667 	1727 	1753
f 1033 	1035 	1710
f 1728 	1753 	1727
f 1732 	1753 	1731
f 481 	480 	1667
f 1666 	481 	1667
f 1666 	437 	481
f 1739 	480 	1441
f 1740 	1667 	1739
f 1667 	480 	1739
f 1742 	1727 	1667
f 1869 	1796 	1192
f 1885 	1882 	1753
f 1759 	1760 	1753
f 1885 	1753 	1774
f 1753 	1728 	1731
f 1746 	1891 	1747
f 1889 	1891 	1746
f 1747 	1870 	1748
f 1892 	1862 	1747
f 1757 	1933 	1748
f 1757 	1748 	1756
f 1774 	1753 	1760
f 1759 	1753 	1733
f 1733 	1753 	1732
f 1877 	1878 	1753
f 1192 	1785 	1786
f 1887 	1794 	1192
f 1772 	1748 	1770
f 1772 	1756 	1748
f 1192 	1897 	1898
f 1917 	1192 	1795
f 1918 	1798 	1710
f 1770 	1748 	1780
f 1878 	1787 	1753
f 1786 	1866 	1192
f 1880 	1877 	1753
f 1797 	1887 	1192
f 1892 	1747 	1891
f 1863 	1747 	1862
f 1685 	1683 	322
f 1685 	322 	407
f 403 	117 	1685
f 1896 	1192 	1866
f 309 	310 	140
f 403 	140 	117
f 1900 	1192 	1899
f 117 	1683 	1685
f 1796 	1797 	1192
f 1869 	1192 	1902
f 1870 	1747 	1863
f 1870 	1904 	1748
f 1785 	1753 	1787
f 1880 	1753 	1881
f 1881 	1753 	1882
f 1794 	1795 	1192
f 319 	1890 	1746
f 1889 	1746 	1890
f 1897 	1192 	1896
f 1192 	1900 	1902
f 1780 	1748 	1904
f 1912 	1890 	319
f 1920 	1912 	319
f 319 	2341 	2120
f 1920 	319 	1924
f 1931 	2117 	2602
f 1923 	2602 	1799
f 1933 	1710 	1748
f 1586 	2443 	1945
f 1454 	1948 	1947
f 1946 	1454 	1947
f 1951 	1949 	1454
f 1953 	2431 	1952
f 1965 	1966 	2564
f 2052 	2564 	1966
f 2563 	2053 	1967
f 1967 	1968 	1969
f 1969 	1980 	1967
f 1984 	1981 	1967
f 1965 	2565 	1971
f 1977 	1978 	2565
f 1976 	2565 	1978
f 1973 	1977 	2565
f 1980 	1983 	1967
f 1982 	2362 	1981
f 1984 	1967 	1983
f 2362 	1967 	1981
f 2563 	2564 	2053
f 1938 	2091 	1710
f 2091 	1352 	1710
f 1933 	1938 	1710
f 1343 	1344 	1710
f 2104 	2560 	2103
f 2560 	2109 	2111
f 2560 	2111 	2103
f 2109 	2560 	2113
f 2114 	2580 	2116
f 2116 	2602 	2117
f 1926 	1931 	2602
f 2121 	319 	2120
f 1927 	319 	2121
f 1366 	1385 	2120
f 1924 	319 	1927
f 433 	994 	432
f 2216 	2219 	2486
f 2216 	1359 	1360
f 1363 	2216 	1360
f 316 	307 	2240
f 1367 	1368 	2228
f 2341 	2233 	1366
f 1371 	1367 	2232
f 2228 	2232 	1367
f 1368 	1370 	2228
f 2228 	2233 	2336
f 2336 	2337 	2228
f 2485 	2327 	2233
f 2232 	2228 	2345
f 308 	309 	403
f 403 	2263 	308
f 453 	127 	300
f 297 	149 	300
f 306 	2263 	2240
f 309 	140 	403
f 306 	308 	2263
f 270 	2297 	278
f 2298 	278 	2297
f 2297 	270 	2293
f 278 	2298 	2491
f 2304 	460 	461
f 2304 	2504 	460
f 463 	2304 	461
f 565 	2304 	463
f 2304 	566 	2311
f 2304 	565 	566
f 2261 	2271 	412
f 2553 	2261 	2552
f 2376 	2558 	2261
f 2553 	2271 	2261
f 2263 	2551 	2240
f 2251 	226 	2385
f 2341 	2342 	2233
f 1378 	1383 	2232
f 2337 	2346 	2228
f 2233 	1373 	1366
f 2336 	2233 	2330
f 2345 	2228 	2346
f 2345 	2344 	2232
f 1378 	2334 	1363
f 2334 	2344 	1363
f 2232 	2334 	1378
f 2232 	2344 	2334
f 1366 	2120 	2341
f 2330 	2219 	2336
f 2340 	2233 	2342
f 2340 	317 	2233
f 2216 	1363 	2344
f 2344 	2345 	2216
f 2345 	2346 	2216
f 2353 	1967 	2053
f 2353 	1968 	1967
f 1454 	1946 	2443
f 1695 	1701 	2443
f 1701 	2363 	2443
f 2363 	2371 	2443
f 2365 	2443 	2364
f 2365 	2366 	2446
f 2366 	1702 	2446
f 2371 	2377 	2443
f 2473 	2443 	2377
f 2381 	2386 	2473
f 2219 	2216 	2346
f 2364 	2443 	2374
f 317 	2340 	2397
f 2346 	2337 	2219
f 226 	2375 	225
f 2376 	225 	2375
f 2381 	2473 	2377
f 297 	298 	2261
f 2374 	2362 	2379
f 298 	287 	2261
f 2558 	2376 	2557
f 2261 	288 	289
f 2379 	2362 	2382
f 225 	2376 	289
f 2261 	289 	2376
f 2375 	2557 	2376
f 226 	2251 	2375
f 2385 	2387 	2384
f 2382 	2362 	2389
f 2399 	2394 	2362
f 2112 	2580 	2114
f 1925 	1926 	2602
f 2393 	2398 	2473
f 2400 	2473 	2398
f 1798 	1799 	1710
f 1925 	2602 	1923
f 1710 	1799 	2602
f 2567 	2568 	2362
f 2389 	2362 	2395
f 2394 	2395 	2362
f 2387 	2397 	319
f 287 	298 	2385
f 319 	1746 	1747
f 1747 	1710 	319
f 2402 	2407 	2473
f 2401 	2402 	2473
f 2400 	2401 	2473
f 2399 	2362 	2404
f 2403 	2404 	2362
f 906 	904 	2473
f 2403 	2362 	2408
f 2408 	2362 	2414
f 2414 	2362 	1982
f 2431 	2432 	1454
f 1454 	2443 	2431
f 1953 	1619 	2432
f 2431 	2443 	2446
f 2446 	1612 	2431
f 2432 	2431 	1953
f 1614 	1615 	2431
f 1590 	1625 	2443
f 2362 	2374 	2443
f 2365 	2446 	2443
f 2465 	887 	2466
f 742 	743 	2466
f 814 	742 	2466
f 931 	936 	2465
f 888 	887 	2465
f 432 	992 	431
f 432 	994 	992
f 756 	817 	2452
f 2452 	2466 	731
f 2482 	2483 	2466
f 2489 	2482 	2466
f 2494 	2487 	2452
f 2493 	2500 	2471
f 2466 	2483 	2465
f 2500 	2501 	2471
f 2496 	2497 	2471
f 2488 	2489 	2466
f 817 	891 	2452
f 2485 	2465 	2484
f 2483 	2484 	2465
f 2311 	2508 	2304
f 2488 	2466 	2487
f 2466 	2452 	2487
f 2486 	2482 	2216
f 2311 	567 	2508
f 2483 	2482 	2486
f 1008 	1009 	2487
f 1007 	1008 	2487
f 2489 	2488 	1361
f 2501 	2502 	2471
f 2506 	2471 	2497
f 2493 	2471 	2506
f 1007 	2494 	1013
f 2491 	2298 	2478
f 2487 	2494 	1007
f 2498 	567 	566
f 2545 	2583 	2496
f 2514 	2498 	566
f 2473 	2471 	2502
f 2500 	2493 	2505
f 2501 	2500 	2505
f 2482 	2489 	2216
f 1361 	2216 	2489
f 2505 	2502 	2501
f 2554 	2478 	2298
f 2508 	2504 	2304
f 2508 	2514 	2504
f 2484 	2483 	2486
f 567 	2498 	2508
f 2498 	2514 	2508
f 2502 	2520 	2473
f 2233 	2465 	2485
f 2572 	2569 	2491
f 2337 	2336 	2219
f 2486 	2485 	2484
f 2327 	2330 	2233
f 2486 	2327 	2485
f 2478 	2572 	2491
f 2486 	2330 	2327
f 2486 	2219 	2330
f 2473 	2577 	2509
f 2566 	2473 	2509
f 2514 	566 	466
f 2526 	2514 	2513
f 2505 	2560 	2502
f 2520 	2502 	2560
f 2550 	2478 	2547
f 2478 	2554 	2547
f 2523 	2471 	2521
f 2471 	2473 	2530
f 912 	2465 	2525
f 2551 	921 	2525
f 457 	445 	991
f 2504 	2514 	2526
f 2523 	2521 	2542
f 2541 	2542 	2521
f 2527 	2528 	2513
f 466 	2602 	2527
f 2514 	466 	2527
f 2514 	2527 	2513
f 2527 	2539 	2529
f 2471 	2523 	2545
f 2465 	2233 	2525
f 2530 	2521 	2471
f 2530 	2536 	2521
f 2530 	2589 	2531
f 278 	2491 	2527
f 270 	278 	2527
f 2491 	2569 	2527
f 994 	433 	991
f 2116 	2527 	2602
f 2527 	2604 	2593
f 2537 	2536 	2530
f 2543 	2521 	2536
f 2527 	2593 	2539
f 2534 	2530 	2533
f 2532 	2533 	2530
f 2535 	2530 	2534
f 2535 	2538 	2530
f 2530 	2531 	2532
f 2555 	2554 	2529
f 2524 	2513 	2528
f 2537 	2530 	2538
f 2524 	2526 	2513
f 2538 	2583 	2537
f 2524 	2554 	2526
f 2543 	2541 	2521
f 2545 	2523 	2542
f 2496 	2471 	2545
f 2536 	2583 	2543
f 2543 	2583 	2541
f 2497 	2496 	2554
f 2541 	2583 	2542
f 2554 	2496 	2583
f 2493 	2540 	2505
f 2549 	2506 	2497
f 2554 	2549 	2497
f 2549 	2540 	2506
f 2506 	2540 	2493
f 2557 	2375 	2556
f 2552 	2261 	2558
f 2240 	2525 	2233
f 407 	985 	2551
f 985 	986 	2551
f 457 	991 	433
f 431 	993 	407
f 403 	407 	2551
f 2263 	403 	2551
f 2524 	2528 	2554
f 2271 	2532 	2531
f 2525 	2240 	2551
f 2573 	2546 	2548
f 2553 	2532 	2271
f 2532 	2553 	2588
f 2569 	2550 	2547
f 2554 	2555 	2581
f 2552 	2384 	2553
f 2553 	2384 	2588
f 2251 	2556 	2375
f 2557 	2384 	2558
f 2556 	2251 	2384
f 2556 	2384 	2557
f 2385 	2384 	2251
f 2581 	2582 	2554
f 2104 	2355 	2560
f 2554 	460 	2504
f 2554 	2297 	2293
f 2554 	2298 	2297
f 2561 	2559 	2562
f 2356 	2559 	2355
f 2560 	2355 	2559
f 2358 	2562 	2356
f 2559 	2356 	2562
f 2546 	2547 	2554
f 2052 	2053 	2564
f 1976 	1971 	2565
f 2565 	1965 	2564
f 2548 	2546 	2554
f 2509 	2575 	2566
f 2548 	2554 	2544
f 2566 	2571 	2362
f 2576 	2509 	2577
f 2554 	2583 	460
f 2554 	2504 	2526
f 2567 	2362 	2571
f 1967 	2362 	2568
f 2577 	2473 	2520
f 2566 	2362 	2443
f 2527 	2529 	2554
f 2386 	2392 	2473
f 2392 	2393 	2473
f 2554 	2528 	2527
f 2443 	2473 	2566
f 1967 	2568 	2563
f 2563 	2568 	2562
f 2561 	2562 	2568
f 2564 	2563 	2562
f 2565 	2564 	2562
f 2561 	2568 	2567
f 2571 	2566 	2570
f 2566 	2575 	2570
f 2570 	2561 	2571
f 2561 	2567 	2571
f 2569 	2572 	2550
f 2575 	2509 	2576
f 2573 	2574 	2527
f 2576 	2559 	2575
f 2575 	2559 	2570
f 1972 	1973 	2565
f 2358 	1972 	2562
f 2565 	2562 	1972
f 2573 	2527 	2578
f 2577 	2520 	2559
f 2576 	2577 	2559
f 2559 	2520 	2560
f 2561 	2570 	2559
f 2527 	2569 	2578
f 2602 	2598 	2384
f 2113 	2579 	2112
f 2580 	2112 	2579
f 2579 	2113 	2560
f 2544 	2574 	2548
f 2540 	2549 	2580
f 2574 	2573 	2548
f 2579 	2540 	2580
f 2572 	2478 	2550
f 2546 	2573 	2578
f 2602 	2384 	2387
f 2547 	2546 	2578
f 2552 	2558 	2384
f 2569 	2547 	2578
f 2579 	2505 	2540
f 2579 	2560 	2505
f 2600 	2544 	2554
f 2600 	2554 	2601
f 2583 	2535 	2534
f 2536 	2537 	2583
f 2542 	2583 	2545
f 2581 	2584 	2582
f 2582 	2586 	2587
f 2583 	2538 	2535
f 2529 	2581 	2555
f 2583 	2534 	2533
f 2585 	2599 	2549
f 2532 	2588 	2533
f 2583 	2533 	2588
f 2590 	2589 	2530
f 2271 	2531 	2589
f 2590 	2591 	2589
f 2539 	2596 	2581
f 2590 	459 	2592
f 2529 	2539 	2581
f 2594 	2595 	2593
f 2593 	2596 	2539
f 413 	412 	2591
f 2574 	2597 	2527
f 436 	2592 	459
f 2590 	2592 	435
f 2625 	2527 	2597
f 2589 	2591 	412
f 412 	2271 	2589
f 435 	413 	2590
f 436 	435 	2592
f 2586 	2595 	2587
f 2591 	2590 	413
f 2597 	2600 	2625
f 2598 	2602 	2588
f 2588 	2384 	2598
f 2594 	2587 	2595
f 2586 	2582 	2595
f 319 	1710 	2602
f 2527 	2116 	2580
f 2595 	2582 	2593
f 2580 	2599 	2527
f 2596 	2593 	2582
f 2582 	2584 	2596
f 2584 	2581 	2596
f 319 	2602 	2387
f 2585 	2603 	2599
f 2574 	2544 	2597
f 2599 	2580 	2549
f 2527 	2599 	2603
f 2603 	270 	2527
f 2601 	2625 	2600
f 2600 	2597 	2544
f 2607 	2554 	2582
f 2582 	2587 	2607
f 2604 	2594 	2593
f 2293 	270 	2603
f 2583 	2588 	2602
f 2604 	2605 	2608
f 2602 	460 	2583
f 2602 	466 	460
f 2585 	2549 	2554
f 2554 	2293 	2585
f 2585 	2293 	2603
f 2607 	2608 	2617
f 2594 	2607 	2587
f 2601 	2647 	2610
f 2648 	2647 	2601
f 2554 	2607 	2622
f 2607 	2594 	2604
f 2607 	2604 	2608
f 2617 	2608 	2618
f 2554 	911 	2601
f 2618 	2608 	2605
f 2621 	2617 	2620
f 2622 	2607 	2617
f 2554 	2622 	911
f 24 	90 	2622
f 2622 	45 	24
f 2621 	2622 	2617
f 2620 	2643 	2621
f 2621 	2642 	2622
f 2641 	45 	2622
f 2625 	2630 	2629
f 2633 	2625 	2629
f 2632 	2629 	2630
f 2604 	2626 	2605
f 80 	2633 	56
f 1219 	1180 	2633
f 1180 	1178 	2633
f 80 	1219 	2633
f 2628 	2605 	2626
f 2620 	2626 	2643
f 2620 	2617 	2626
f 2626 	2617 	2628
f 2618 	2628 	2617
f 2618 	2605 	2628
f 2632 	2630 	2649
f 2630 	2625 	2601
f 2610 	2649 	2630
f 2649 	2629 	2632
f 2610 	2630 	2601
f 2647 	2633 	2629
f 2641 	2642 	2626
f 61 	2645 	2641
f 2641 	120 	61
f 2604 	2641 	2626
f 2604 	2527 	2641
f 2642 	2643 	2626
f 2642 	2621 	2643
f 1178 	1183 	2625
f 61 	2646 	2645
f 2641 	2622 	2642
f 45 	2641 	2645
f 2646 	46 	2645
f 45 	2645 	46
f 915 	72 	2648
f 2648 	72 	65
f 2647 	2649 	2610
f 917 	2601 	911
f 2601 	917 	2648
f 59 	2633 	23
f 2648 	23 	2633
f 2648 	2633 	2647
f 2629 	2649 	2647
f 45 	46 	24
f 2648 	65 	23
# 1431 faces

g group_0_9771553

usemtl color_9771553
s 0

f 47 	71 	49
f 55 	71 	47
f 52 	55 	48
f 48 	55 	47
f 260 	234 	71
f 234 	95 	49
f 52 	2460 	55
f 55 	2461 	71
f 2460 	2461 	55
f 74 	2517 	76
f 2516 	74 	73
f 76 	2518 	77
f 2517 	2518 	76
f 81 	89 	82
f 88 	89 	81
f 89 	73 	82
f 82 	73 	83
f 83 	74 	85
f 73 	74 	83
f 74 	76 	85
f 85 	76 	86
f 76 	77 	86
f 86 	77 	87
f 122 	48 	123
f 48 	47 	123
f 47 	49 	124
f 49 	95 	125
f 235 	97 	95
f 880 	99 	100
f 100 	881 	880
f 883 	100 	98
f 98 	843 	883
f 883 	881 	100
f 105 	110 	108
f 109 	110 	105
f 109 	113 	110
f 112 	113 	109
f 112 	99 	113
f 99 	401 	113
f 115 	168 	116
f 167 	168 	115
f 123 	47 	124
f 124 	49 	125
f 125 	95 	126
f 157 	159 	158
f 159 	160 	2644
f 164 	165 	159
f 159 	165 	160
f 155 	161 	156
f 160 	161 	155
f 159 	157 	164
f 163 	164 	157
f 210 	211 	163
f 163 	211 	164
f 168 	169 	116
f 168 	174 	169
f 116 	169 	166
f 169 	252 	166
f 170 	2183 	2155
f 161 	171 	156
f 156 	171 	170
f 171 	173 	170
f 167 	172 	168
f 170 	173 	2183
f 172 	174 	168
f 160 	176 	161
f 165 	176 	160
f 177 	171 	161
f 161 	176 	177
f 177 	178 	171
f 172 	184 	174
f 177 	313 	178
f 312 	313 	177
f 171 	178 	173
f 180 	99 	112
f 180 	2286 	98
f 98 	100 	180
f 180 	100 	99
f 176 	312 	177
f 183 	184 	172
f 202 	189 	187
f 193 	192 	188
f 191 	194 	188
f 194 	197 	188
f 192 	191 	188
f 202 	326 	189
f 198 	430 	197
f 326 	1445 	189
f 199 	430 	198
f 183 	204 	184
f 183 	597 	602
f 200 	203 	205
f 210 	254 	211
f 203 	408 	205
f 164 	212 	165
f 212 	164 	211
f 214 	221 	222
f 214 	222 	215
f 215 	203 	200
f 221 	214 	213
f 213 	219 	221
f 203 	215 	222
f 216 	415 	219
f 219 	415 	416
f 219 	416 	221
f 222 	221 	419
f 221 	416 	419
f 223 	230 	224
f 229 	230 	223
f 224 	230 	2612
f 137 	430 	138
f 138 	430 	199
f 97 	142 	126
f 126 	95 	97
f 186 	271 	274
f 186 	274 	188
f 188 	276 	201
f 274 	276 	188
f 49 	71 	234
f 235 	95 	234
f 238 	2429 	237
f 240 	2429 	241
f 238 	241 	2429
f 2435 	245 	244
f 252 	210 	166
f 252 	254 	210
f 254 	255 	211
f 211 	255 	212
f 285 	254 	252
f 254 	286 	255
f 286 	290 	255
f 257 	252 	169
f 234 	261 	235
f 260 	261 	234
f 235 	262 	258
f 261 	262 	235
f 262 	266 	258
f 262 	268 	266
f 2481 	267 	261
f 261 	267 	262
f 267 	268 	262
f 142 	97 	271
f 186 	142 	271
f 271 	280 	274
f 201 	276 	277
f 258 	97 	235
f 271 	97 	258
f 258 	280 	271
f 280 	281 	274
f 274 	281 	276
f 276 	282 	277
f 281 	282 	276
f 258 	266 	280
f 169 	174 	257
f 257 	285 	252
f 286 	254 	285
f 174 	293 	257
f 280 	291 	281
f 280 	266 	291
f 291 	292 	281
f 281 	292 	282
f 293 	174 	184
f 257 	293 	294
f 184 	301 	293
f 301 	302 	293
f 293 	302 	294
f 257 	294 	285
f 295 	286 	285
f 294 	295 	285
f 295 	296 	286
f 286 	296 	290
f 204 	301 	184
f 294 	303 	295
f 302 	303 	294
f 303 	304 	295
f 295 	304 	296
f 301 	204 	955
f 961 	303 	302
f 961 	962 	303
f 303 	962 	304
f 311 	165 	212
f 311 	176 	165
f 311 	312 	176
f 311 	315 	312
f 314 	311 	212
f 212 	255 	314
f 314 	315 	311
f 315 	318 	312
f 312 	318 	313
f 318 	1842 	313
f 255 	290 	314
f 290 	320 	314
f 290 	323 	320
f 314 	320 	315
f 318 	315 	321
f 320 	321 	315
f 290 	296 	323
f 1867 	321 	320
f 1867 	320 	323
f 323 	1871 	1867
f 326 	202 	405
f 383 	326 	405
f 292 	291 	1815
f 2405 	333 	332
f 332 	331 	2405
f 329 	333 	2405
f 334 	341 	335
f 2417 	331 	338
f 335 	342 	336
f 338 	340 	2417
f 335 	341 	342
f 336 	342 	343
f 336 	343 	337
f 381 	2619 	229
f 337 	88 	81
f 229 	2619 	230
f 343 	88 	337
f 340 	339 	2417
f 341 	2171 	342
f 521 	348 	344
f 345 	2419 	346
f 344 	348 	349
f 378 	349 	348
f 349 	379 	228
f 349 	378 	379
f 325 	2421 	351
f 1206 	350 	1166
f 353 	351 	2421
f 361 	325 	358
f 351 	358 	325
f 359 	362 	357
f 352 	1208 	355
f 325 	361 	360
f 325 	360 	327
f 355 	363 	356
f 362 	223 	364
f 370 	223 	362
f 355 	1208 	363
f 366 	365 	327
f 356 	363 	367
f 360 	366 	327
f 356 	367 	334
f 367 	341 	334
f 531 	344 	368
f 369 	592 	365
f 368 	370 	359
f 359 	370 	362
f 223 	224 	364
f 224 	505 	364
f 368 	344 	349
f 368 	228 	370
f 368 	349 	228
f 370 	229 	223
f 228 	229 	370
f 348 	523 	376
f 375 	377 	372
f 348 	376 	378
f 372 	377 	373
f 377 	380 	373
f 228 	379 	381
f 373 	380 	374
f 379 	387 	381
f 228 	381 	229
f 440 	374 	380
f 377 	592 	380
f 376 	382 	378
f 376 	200 	382
f 378 	382 	384
f 1449 	326 	383
f 384 	379 	378
f 387 	379 	384
f 386 	389 	385
f 386 	429 	389
f 387 	2627 	381
f 384 	382 	392
f 387 	2635 	2627
f 200 	205 	382
f 205 	392 	382
f 384 	2634 	387
f 392 	2634 	384
f 587 	392 	205
f 392 	587 	115
f 392 	115 	2634
f 404 	203 	222
f 404 	222 	419
f 406 	383 	405
f 110 	113 	388
f 113 	401 	388
f 408 	203 	404
f 419 	409 	404
f 404 	410 	408
f 404 	409 	410
f 409 	589 	410
f 409 	411 	589
f 590 	588 	410
f 410 	589 	590
f 415 	216 	414
f 415 	423 	416
f 414 	421 	422
f 414 	422 	415
f 423 	415 	422
f 416 	423 	425
f 416 	425 	419
f 419 	425 	409
f 409 	425 	411
f 374 	429 	386
f 429 	626 	389
f 336 	430 	335
f 337 	430 	336
f 81 	430 	337
f 82 	430 	81
f 430 	82 	83
f 83 	85 	430
f 85 	86 	430
f 86 	87 	430
f 87 	122 	430
f 122 	123 	430
f 123 	124 	430
f 124 	125 	430
f 125 	126 	430
f 186 	188 	430
f 188 	197 	430
f 800 	763 	430
f 762 	764 	430
f 764 	765 	430
f 765 	766 	430
f 766 	767 	430
f 430 	485 	489
f 430 	489 	491
f 492 	430 	491
f 793 	795 	430
f 374 	440 	429
f 467 	468 	393
f 2637 	468 	467
f 393 	468 	394
f 468 	470 	394
f 394 	470 	396
f 468 	2638 	470
f 472 	504 	396
f 472 	475 	511
f 483 	423 	422
f 482 	422 	421
f 482 	421 	1110
f 483 	422 	482
f 429 	440 	484
f 430 	486 	485
f 423 	490 	425
f 490 	423 	483
f 490 	411 	425
f 482 	1111 	483
f 483 	1112 	490
f 430 	492 	493
f 414 	1943 	1658
f 785 	430 	494
f 493 	494 	430
f 1943 	414 	216
f 790 	430 	785
f 414 	1658 	421
f 1658 	1664 	421
f 793 	430 	790
f 108 	110 	406
f 110 	388 	406
f 472 	501 	475
f 500 	501 	472
f 500 	472 	396
f 470 	500 	396
f 470 	2639 	500
f 2638 	2639 	470
f 502 	394 	503
f 503 	504 	507
f 393 	394 	502
f 503 	396 	504
f 394 	396 	503
f 472 	511 	504
f 505 	467 	393
f 224 	467 	505
f 506 	1020 	502
f 502 	503 	506
f 506 	503 	507
f 362 	508 	357
f 362 	364 	508
f 509 	508 	364
f 509 	505 	510
f 364 	505 	509
f 505 	393 	510
f 510 	393 	502
f 511 	475 	512
f 475 	499 	512
f 512 	499 	513
f 2164 	513 	499
f 1025 	507 	514
f 507 	504 	514
f 514 	511 	515
f 504 	511 	514
f 516 	515 	512
f 511 	512 	515
f 516 	513 	517
f 512 	513 	516
f 518 	517 	513
f 513 	2164 	518
f 518 	519 	1310
f 2164 	2165 	518
f 519 	518 	2165
f 520 	523 	521
f 523 	520 	522
f 521 	523 	348
f 717 	523 	522
f 376 	523 	717
f 895 	527 	357
f 895 	357 	898
f 524 	685 	528
f 524 	529 	525
f 524 	528 	529
f 525 	529 	530
f 525 	530 	526
f 526 	530 	531
f 530 	344 	531
f 531 	527 	526
f 527 	359 	357
f 359 	527 	531
f 528 	520 	529
f 520 	521 	529
f 529 	521 	530
f 521 	344 	530
f 531 	368 	359
f 406 	405 	108
f 587 	205 	408
f 408 	410 	588
f 588 	587 	408
f 587 	167 	115
f 587 	588 	167
f 588 	590 	591
f 588 	591 	167
f 591 	172 	167
f 377 	327 	592
f 611 	411 	490
f 589 	411 	612
f 596 	590 	589
f 589 	612 	596
f 595 	380 	592
f 590 	597 	591
f 365 	592 	327
f 591 	183 	172
f 597 	590 	596
f 183 	591 	597
f 440 	380 	595
f 596 	599 	597
f 596 	598 	599
f 599 	602 	597
f 204 	183 	602
f 598 	605 	599
f 600 	604 	440
f 601 	600 	440
f 599 	605 	606
f 484 	440 	603
f 604 	603 	440
f 599 	606 	602
f 602 	606 	954
f 595 	607 	440
f 601 	440 	607
f 484 	603 	610
f 490 	1112 	611
f 411 	611 	612
f 487 	484 	608
f 609 	608 	484
f 609 	484 	610
f 608 	614 	487
f 614 	613 	487
f 611 	617 	618
f 487 	613 	616
f 827 	820 	616
f 611 	618 	612
f 612 	618 	598
f 612 	598 	596
f 623 	595 	624
f 592 	620 	619
f 624 	592 	619
f 595 	592 	624
f 620 	592 	369
f 623 	625 	595
f 595 	625 	607
f 626 	429 	484
f 626 	487 	627
f 487 	626 	484
f 644 	635 	645
f 635 	644 	649
f 635 	649 	636
f 636 	649 	648
f 651 	636 	648
f 656 	655 	637
f 636 	657 	637
f 656 	637 	657
f 636 	651 	657
f 659 	637 	655
f 660 	663 	662
f 663 	671 	662
f 678 	667 	679
f 675 	667 	677
f 679 	667 	675
f 662 	677 	667
f 532 	534 	682
f 677 	662 	671
f 532 	682 	533
f 683 	667 	678
f 533 	522 	520
f 683 	646 	635
f 667 	683 	635
f 533 	682 	522
f 645 	635 	646
f 682 	534 	715
f 534 	714 	715
f 528 	685 	697
f 686 	1611 	708
f 686 	708 	691
f 697 	691 	532
f 689 	728 	703
f 532 	691 	708
f 697 	532 	533
f 528 	697 	533
f 533 	520 	528
f 708 	1611 	1629
f 708 	534 	532
f 708 	1629 	534
f 1629 	714 	534
f 703 	713 	1264
f 682 	715 	716
f 715 	214 	716
f 682 	716 	522
f 522 	716 	717
f 714 	718 	213
f 714 	213 	715
f 719 	689 	720
f 684 	720 	689
f 719 	721 	689
f 214 	715 	213
f 716 	214 	215
f 720 	684 	722
f 716 	215 	717
f 717 	215 	200
f 717 	200 	376
f 728 	727 	703
f 216 	718 	1813
f 216 	219 	718
f 718 	219 	213
f 725 	703 	727
f 728 	689 	721
f 703 	725 	736
f 703 	736 	738
f 737 	713 	738
f 738 	713 	703
f 486 	430 	497
f 762 	430 	763
f 497 	430 	767
f 810 	1163 	771
f 771 	1163 	772
f 713 	753 	2274
f 752 	2274 	753
f 751 	2274 	752
f 713 	737 	781
f 713 	781 	753
f 661 	660 	2274
f 662 	2274 	660
f 1165 	780 	776
f 788 	787 	1166
f 789 	786 	1166
f 1165 	1166 	780
f 786 	780 	1166
f 791 	788 	350
f 1166 	350 	788
f 797 	794 	355
f 352 	355 	794
f 798 	796 	430
f 795 	798 	430
f 334 	430 	356
f 334 	335 	430
f 142 	430 	126
f 142 	186 	430
f 800 	430 	137
f 1202 	806 	805
f 805 	808 	1202
f 1202 	803 	804
f 803 	1202 	807
f 808 	809 	1202
f 807 	1202 	809
f 1202 	1160 	806
f 810 	806 	1160
f 1160 	1163 	810
f 815 	818 	684
f 816 	815 	684
f 722 	684 	818
f 824 	839 	825
f 487 	616 	820
f 820 	830 	825
f 830 	820 	827
f 834 	841 	826
f 617 	837 	618
f 617 	621 	837
f 838 	618 	837
f 618 	838 	598
f 838 	605 	598
f 837 	621 	844
f 820 	839 	627
f 845 	838 	837
f 627 	487 	820
f 841 	839 	822
f 839 	823 	822
f 823 	839 	824
f 820 	825 	839
f 851 	841 	834
f 841 	822 	826
f 852 	843 	853
f 853 	843 	850
f 841 	850 	843
f 851 	850 	841
f 852 	836 	843
f 843 	836 	835
f 861 	860 	881
f 860 	863 	881
f 881 	864 	861
f 862 	858 	863
f 858 	866 	865
f 866 	858 	862
f 864 	881 	878
f 401 	99 	880
f 858 	880 	881
f 863 	858 	881
f 883 	843 	877
f 835 	877 	843
f 878 	881 	883
f 878 	883 	879
f 877 	879 	883
f 759 	749 	748
f 759 	895 	893
f 759 	892 	749
f 892 	759 	893
f 895 	894 	893
f 898 	897 	895
f 895 	897 	894
f 900 	899 	898
f 897 	898 	899
f 899 	900 	901
f 902 	901 	900
f 1163 	1164 	773
f 837 	844 	845
f 940 	838 	845
f 940 	605 	838
f 605 	940 	967
f 944 	844 	945
f 945 	844 	946
f 844 	944 	948
f 844 	948 	947
f 949 	845 	947
f 844 	947 	845
f 950 	940 	951
f 950 	953 	940
f 845 	951 	940
f 951 	845 	949
f 971 	970 	967
f 940 	971 	967
f 954 	204 	602
f 954 	955 	204
f 954 	959 	955
f 956 	301 	955
f 301 	956 	302
f 606 	605 	967
f 967 	957 	606
f 957 	954 	606
f 957 	959 	954
f 955 	960 	956
f 959 	960 	955
f 957 	979 	959
f 959 	1063 	960
f 1062 	1066 	960
f 956 	961 	302
f 963 	961 	956
f 960 	963 	956
f 960 	1077 	963
f 963 	964 	961
f 961 	964 	962
f 964 	966 	962
f 963 	1079 	964
f 1075 	1080 	963
f 968 	940 	969
f 969 	940 	953
f 1164 	1165 	776
f 968 	971 	940
f 957 	974 	973
f 967 	975 	957
f 974 	957 	975
f 970 	976 	967
f 976 	975 	967
f 973 	979 	957
f 959 	978 	977
f 787 	789 	1166
f 792 	791 	350
f 350 	352 	792
f 794 	792 	352
f 430 	796 	355
f 796 	797 	355
f 430 	355 	356
f 196 	188 	1000
f 201 	1000 	188
f 193 	188 	196
f 1004 	1001 	201
f 201 	1001 	1000
f 903 	905 	1020
f 905 	902 	1020
f 919 	916 	1020
f 903 	1020 	907
f 908 	907 	1020
f 910 	1020 	911
f 914 	1020 	910
f 908 	1020 	914
f 915 	1020 	916
f 915 	917 	1020
f 911 	1020 	917
f 902 	905 	901
f 1020 	506 	919
f 1024 	1023 	506
f 919 	506 	1023
f 1025 	1024 	507
f 506 	507 	1024
f 1229 	526 	759
f 1229 	525 	526
f 759 	527 	895
f 759 	526 	527
f 898 	508 	900
f 508 	898 	357
f 508 	509 	900
f 900 	509 	902
f 902 	510 	1020
f 509 	510 	902
f 510 	502 	1020
f 1036 	1032 	1543
f 1039 	1045 	1040
f 886 	1241 	1041
f 886 	1041 	1042
f 886 	1042 	1038
f 1038 	1042 	1044
f 1038 	1044 	1039
f 1043 	1036 	1544
f 1045 	1039 	1044
f 1543 	1544 	1036
f 1042 	1048 	1044
f 1041 	1047 	1042
f 1041 	1046 	1047
f 1048 	1042 	1047
f 1044 	1050 	1045
f 1044 	1048 	1050
f 1544 	1545 	1043
f 1052 	1047 	1046
f 1046 	1051 	1052
f 1047 	1052 	1053
f 1052 	1055 	1057
f 1052 	1057 	1053
f 1047 	1053 	1048
f 1051 	1054 	1055
f 1054 	1059 	1055
f 1051 	1055 	1052
f 2268 	1057 	1055
f 1058 	1056 	1545
f 1049 	1545 	1056
f 1055 	1059 	2268
f 978 	959 	979
f 977 	1061 	959
f 1061 	1063 	959
f 1062 	960 	1063
f 1065 	1011 	1004
f 1001 	1004 	1011
f 1077 	960 	1066
f 963 	1077 	1075
f 1078 	964 	1079
f 1079 	963 	1080
f 964 	1081 	966
f 1078 	1082 	964
f 1081 	964 	1082
f 1081 	1088 	966
f 1087 	1086 	1081
f 1085 	1087 	1081
f 1085 	1081 	1084
f 1082 	1084 	1081
f 1088 	1081 	1086
f 1086 	1097 	1088
f 1099 	1102 	1090
f 1099 	1090 	1100
f 1088 	1100 	1090
f 1101 	1090 	1102
f 1097 	1100 	1088
f 1101 	1105 	1090
f 1709 	1283 	1110
f 1110 	1288 	482
f 1110 	1283 	1288
f 483 	1111 	1112
f 1114 	1070 	1065
f 1288 	1113 	1111
f 1065 	1070 	1069
f 1065 	1069 	1072
f 1065 	1072 	1011
f 1288 	1295 	1113
f 1111 	1113 	1115
f 1111 	1115 	1112
f 1112 	617 	611
f 1115 	617 	1112
f 1295 	1120 	1113
f 1113 	1124 	1115
f 1113 	1120 	1124
f 621 	1115 	1124
f 1114 	1116 	1070
f 1115 	621 	617
f 1122 	1121 	1114
f 1133 	1124 	1120
f 1121 	1116 	1114
f 1114 	1125 	1122
f 201 	277 	1004
f 1307 	1065 	1004
f 1133 	1120 	1131
f 1134 	1130 	1058
f 1124 	1133 	1135
f 1114 	1065 	1308
f 1058 	1130 	1056
f 1124 	1135 	621
f 1135 	844 	621
f 1144 	1129 	1145
f 1145 	1129 	1143
f 1136 	1137 	1311
f 1137 	1138 	1311
f 1138 	1139 	1311
f 1139 	1141 	1311
f 1141 	1140 	1311
f 1114 	1311 	1140
f 1140 	1142 	1114
f 1114 	1142 	1125
f 1149 	1129 	1144
f 1136 	1311 	1146
f 1129 	1149 	1131
f 1308 	1311 	1114
f 1148 	1131 	1149
f 1147 	1315 	1151
f 1152 	1151 	1315
f 1130 	1134 	1150
f 1156 	1150 	1134
f 804 	1158 	1202
f 773 	772 	1163
f 776 	773 	1164
f 1269 	1164 	1163
f 1161 	1156 	1162
f 1170 	1162 	1156
f 1161 	1168 	1156
f 1156 	1168 	1150
f 1187 	1190 	1191
f 1189 	1188 	1191
f 1187 	1191 	1188
f 1194 	1193 	1202
f 1193 	1197 	1202
f 1197 	1191 	1202
f 1194 	1202 	1195
f 1158 	1195 	1202
f 1198 	1191 	1197
f 1199 	1191 	1198
f 1201 	1191 	1199
f 1189 	1191 	1201
f 1187 	1127 	1190
f 1191 	1265 	1202
f 1202 	1267 	1160
f 1157 	1304 	1127
f 1315 	1304 	1152
f 1206 	1166 	1204
f 1207 	350 	1206
f 352 	350 	1207
f 1208 	352 	1207
f 1228 	1227 	1229
f 1170 	1223 	1224
f 1170 	1224 	1174
f 1170 	1174 	1173
f 1173 	1177 	1170
f 1237 	1246 	1241
f 1060 	1243 	1231
f 1242 	1243 	1060
f 1231 	1243 	1245
f 1231 	1245 	1237
f 1246 	1237 	1245
f 1041 	1241 	1246
f 1242 	1249 	1250
f 1250 	1243 	1242
f 1250 	1251 	1243
f 1046 	1041 	1246
f 1251 	1245 	1243
f 1245 	1251 	1252
f 1245 	1252 	1246
f 1046 	1246 	1252
f 1250 	1256 	1251
f 1253 	1434 	1254
f 1252 	1051 	1046
f 1254 	1204 	1271
f 1204 	1254 	1255
f 1204 	1255 	1206
f 1251 	1256 	1257
f 1206 	1258 	1207
f 1256 	1259 	1260
f 1256 	1260 	1257
f 1251 	1257 	1252
f 1258 	1206 	1255
f 1257 	1051 	1252
f 2367 	1207 	1258
f 1259 	1256 	1272
f 1272 	1274 	1259
f 1208 	1207 	2367
f 1208 	2367 	2369
f 1257 	1260 	1054
f 1257 	1054 	1051
f 1259 	1274 	1261
f 1259 	1261 	1263
f 1260 	1259 	1263
f 1054 	1260 	1264
f 1264 	1260 	1263
f 1191 	1190 	1333
f 1264 	1059 	1054
f 1265 	1191 	1333
f 684 	1261 	1425
f 1261 	684 	689
f 1267 	1202 	1265
f 1261 	689 	1263
f 1268 	1160 	1267
f 1263 	689 	703
f 1267 	1298 	1268
f 1263 	703 	1264
f 1160 	1268 	1163
f 713 	1059 	1264
f 1268 	1269 	1163
f 1249 	1270 	1272
f 1271 	1165 	1164
f 1164 	1269 	1271
f 1165 	1204 	1166
f 1272 	1250 	1249
f 1165 	1271 	1204
f 1256 	1250 	1272
f 1339 	1265 	1333
f 1267 	1265 	1275
f 1657 	1273 	1270
f 1269 	1268 	1444
f 1270 	1273 	1274
f 1270 	1274 	1272
f 1177 	1175 	1170
f 1175 	1176 	1170
f 1176 	1221 	1170
f 1178 	1180 	1170
f 1131 	1154 	1153
f 1153 	1155 	1133
f 1131 	1153 	1133
f 1180 	1219 	1170
f 1162 	1170 	1184
f 1131 	1148 	1154
f 1178 	1170 	1183
f 1221 	1220 	1170
f 1184 	1170 	1219
f 1183 	1170 	1220
f 1170 	1229 	1223
f 1280 	1135 	1281
f 1225 	1223 	1229
f 1278 	1135 	1133
f 1133 	1279 	1278
f 1225 	1229 	1227
f 1281 	1135 	1278
f 1133 	1155 	1279
f 1229 	759 	1228
f 1282 	1135 	1280
f 1228 	759 	748
f 946 	844 	1135
f 946 	1135 	1282
f 1288 	1111 	482
f 685 	1156 	1134
f 1170 	1156 	524
f 1283 	1292 	1295
f 1156 	685 	524
f 1283 	1295 	1288
f 1170 	524 	525
f 1170 	525 	1229
f 1267 	1275 	1298
f 1444 	1268 	1298
f 1253 	1269 	1444
f 1292 	1300 	1295
f 1292 	1299 	1300
f 1271 	1269 	1253
f 1295 	1300 	1120
f 1271 	1253 	1254
f 1301 	1026 	514
f 1025 	514 	1026
f 1302 	1301 	515
f 514 	515 	1301
f 1300 	1131 	1120
f 1275 	1446 	1298
f 1129 	1131 	1300
f 1303 	1302 	516
f 515 	516 	1302
f 1004 	277 	1307
f 1305 	1303 	517
f 516 	517 	1303
f 1307 	1308 	1065
f 1310 	1305 	517
f 1310 	1309 	1305
f 1147 	1146 	1311
f 1309 	1310 	1313
f 1314 	1313 	1310
f 1147 	1311 	1315
f 1317 	1316 	1314
f 1314 	1316 	1313
f 1190 	1127 	1304
f 1157 	1152 	1304
f 1316 	1317 	1318
f 1319 	1318 	1317
f 1321 	1326 	1319
f 1319 	1320 	1318
f 1322 	1307 	277
f 277 	282 	1322
f 1322 	1323 	1307
f 518 	1310 	517
f 1310 	519 	1314
f 2163 	1317 	1314
f 1307 	1323 	1308
f 1323 	1324 	1308
f 519 	2163 	1314
f 1311 	1308 	1324
f 1319 	2218 	1321
f 1328 	1322 	282
f 1320 	1319 	1326
f 1323 	1331 	1324
f 282 	292 	1328
f 1321 	1327 	1326
f 1328 	1330 	1322
f 1322 	1330 	1323
f 1330 	1331 	1323
f 2606 	1331 	1330
f 1333 	1190 	1304
f 1336 	1337 	1304
f 1333 	1304 	1337
f 1333 	1337 	1339
f 1339 	1275 	1265
f 1340 	1315 	1311
f 1536 	1338 	1321
f 1311 	1324 	1340
f 1315 	1336 	1304
f 1334 	1321 	1335
f 1336 	1315 	1340
f 1336 	1342 	1337
f 1335 	1321 	1338
f 1321 	1334 	1327
f 1336 	1354 	1342
f 1337 	1342 	1692
f 1337 	1692 	1339
f 1346 	1347 	1536
f 1346 	1536 	1345
f 1348 	1345 	1537
f 1536 	1347 	1338
f 1536 	1537 	1345
f 1354 	1336 	1340
f 1348 	1537 	1349
f 1350 	1349 	1537
f 1355 	1340 	1324
f 1353 	1350 	1538
f 1537 	1538 	1350
f 1331 	1355 	1324
f 1355 	1354 	1340
f 1538 	1356 	1353
f 1355 	1358 	1354
f 1694 	1342 	1354
f 2609 	1355 	1331
f 1535 	1365 	1364
f 1369 	1375 	1380
f 1365 	1558 	1377
f 1375 	1395 	1380
f 1391 	1375 	1372
f 1372 	1386 	1391
f 1395 	1375 	1391
f 1386 	1399 	1401
f 1386 	1401 	1391
f 1391 	1403 	1395
f 1401 	1403 	1391
f 1395 	1403 	1404
f 1403 	1419 	1404
f 1414 	1399 	1412
f 1414 	1401 	1399
f 1401 	1414 	1415
f 1401 	1415 	1403
f 1419 	1403 	1415
f 1687 	886 	1412
f 1414 	1412 	1038
f 1412 	886 	1038
f 1415 	1414 	1039
f 1038 	1039 	1414
f 1415 	1039 	1040
f 1273 	1276 	1425
f 1273 	1425 	1274
f 1261 	1274 	1425
f 1415 	1040 	1419
f 1434 	1253 	1430
f 1433 	1432 	1276
f 1432 	1431 	1276
f 1435 	1255 	1254
f 1254 	1434 	1435
f 1369 	1255 	1435
f 1440 	1434 	1430
f 1439 	1438 	1425
f 1440 	1430 	1436
f 1434 	1440 	1372
f 1276 	1439 	1425
f 1437 	1425 	1438
f 1431 	1439 	1276
f 1434 	1372 	1435
f 1435 	1375 	1369
f 1435 	1372 	1375
f 1437 	1442 	1425
f 1436 	1630 	1440
f 1425 	1442 	684
f 1440 	1386 	1372
f 1442 	1443 	684
f 1443 	816 	684
f 1446 	1275 	1693
f 1298 	1446 	1448
f 1446 	1452 	1448
f 1446 	1451 	1452
f 1448 	1444 	1298
f 1449 	1445 	326
f 1253 	1444 	1430
f 1444 	1448 	1430
f 1445 	1449 	1450
f 1449 	1644 	1450
f 1445 	1450 	1447
f 1448 	1436 	1430
f 1452 	1436 	1448
f 1450 	1242 	1447
f 1447 	1242 	1060
f 1329 	1306 	1725
f 1329 	1475 	1306
f 1475 	1329 	1484
f 1306 	1475 	1299
f 1129 	1300 	1299
f 1129 	1299 	1475
f 1479 	1325 	1480
f 1480 	1325 	1476
f 1325 	1479 	1483
f 1482 	1329 	1483
f 1325 	1483 	1329
f 1486 	1475 	1487
f 1485 	1484 	1329
f 1487 	1475 	1484
f 1329 	1482 	1485
f 1475 	1486 	1490
f 1490 	1143 	1475
f 1129 	1475 	1143
f 1791 	1817 	1491
f 1492 	1491 	1817
f 1791 	1498 	1497
f 1491 	1498 	1791
f 1496 	1792 	1497
f 1800 	1792 	1499
f 1499 	1504 	1800
f 1502 	1800 	1504
f 1477 	1476 	1730
f 1325 	1730 	1476
f 1509 	1517 	1516
f 1519 	1517 	1509
f 1509 	1516 	1515
f 1518 	1508 	1515
f 1509 	1515 	1508
f 1508 	1518 	1520
f 1392 	1571 	1388
f 1571 	1573 	1389
f 1534 	1542 	1031
f 1356 	1539 	1357
f 1357 	1539 	1364
f 1356 	1538 	1539
f 1535 	1364 	1539
f 1537 	2224 	1538
f 1032 	1031 	1542
f 1542 	1543 	1032
f 1049 	1043 	1545
f 1545 	1557 	1548
f 1548 	1058 	1545
f 1058 	1548 	1549
f 1548 	691 	1549
f 1058 	1549 	1134
f 1134 	1549 	685
f 1548 	686 	691
f 1549 	691 	697
f 1549 	697 	685
f 1542 	1551 	1555
f 1542 	1555 	1543
f 1543 	1556 	1544
f 1543 	1555 	1556
f 1544 	1557 	1545
f 1544 	1556 	1557
f 1608 	1557 	1556
f 686 	1548 	1557
f 1535 	1558 	1365
f 1509 	2063 	1519
f 1561 	1377 	1558
f 1381 	1377 	1561
f 1562 	1381 	1561
f 1389 	1388 	1571
f 1565 	1564 	1571
f 1564 	1562 	1571
f 1567 	1571 	1568
f 1566 	1571 	1567
f 1565 	1571 	1566
f 1568 	1571 	1392
f 1569 	1570 	1562
f 1635 	1563 	1508
f 1570 	1396 	1562
f 1564 	1569 	1562
f 1396 	1394 	1381
f 1381 	1562 	1396
f 1533 	1389 	1573
f 1534 	1533 	1573
f 1542 	1534 	1573
f 1535 	1574 	1558
f 1535 	1575 	1574
f 1558 	1574 	1581
f 1581 	1561 	1558
f 1643 	1572 	1638
f 1561 	1582 	1562
f 1576 	1572 	1646
f 1647 	1646 	1572
f 1585 	1571 	1562
f 1592 	1573 	1571
f 1573 	1551 	1542
f 1573 	1592 	1551
f 1577 	1817 	1578
f 1539 	1538 	2247
f 2247 	1575 	1539
f 1539 	1575 	1535
f 1581 	1574 	2050
f 1581 	1582 	1561
f 1585 	1562 	1582
f 1585 	1592 	1571
f 1581 	2051 	1582
f 1581 	2050 	2051
f 1585 	1582 	2054
f 1582 	2051 	2054
f 2056 	1585 	2054
f 1592 	1585 	2056
f 1557 	1608 	686
f 686 	1608 	1611
f 1608 	1609 	1611
f 1451 	1624 	1452
f 1609 	1622 	1627
f 1624 	1451 	1623
f 1452 	1624 	1628
f 1609 	1627 	1611
f 1624 	1675 	1628
f 1611 	1627 	1629
f 1628 	1436 	1452
f 1630 	1436 	1628
f 1386 	1440 	1630
f 1623 	1634 	1624
f 1579 	1816 	1580
f 1816 	1579 	1578
f 1627 	1622 	1645
f 1449 	383 	1640
f 1640 	383 	1637
f 1493 	1817 	1495
f 1249 	1242 	1450
f 406 	388 	1637
f 1635 	1508 	1520
f 383 	406 	1637
f 1641 	1616 	1636
f 1563 	1638 	1572
f 1644 	1449 	1640
f 1563 	1639 	1638
f 1642 	1572 	1643
f 1641 	1622 	1616
f 1644 	1249 	1450
f 1563 	1635 	1639
f 1622 	1641 	1645
f 1572 	1642 	1647
f 1627 	1648 	1629
f 1576 	1649 	1580
f 1627 	1645 	1648
f 1576 	1646 	1649
f 714 	1629 	1648
f 1644 	1270 	1249
f 1644 	1657 	1270
f 388 	1652 	1637
f 1636 	1653 	1641
f 401 	1652 	388
f 1637 	1652 	1655
f 1637 	1655 	1640
f 1640 	1655 	1657
f 1656 	1664 	1658
f 1663 	1655 	1652
f 1640 	1657 	1644
f 401 	1661 	1652
f 1650 	1660 	1654
f 1650 	1659 	1660
f 1654 	1660 	1662
f 880 	1661 	401
f 1654 	1662 	1656
f 1664 	1656 	1662
f 1661 	1663 	1652
f 1659 	1704 	1706
f 1659 	1706 	1660
f 1655 	1663 	1665
f 1660 	1708 	1662
f 1663 	1670 	1665
f 1655 	1665 	1657
f 1657 	1665 	1273
f 1661 	880 	858
f 858 	1668 	1661
f 1663 	1661 	1668
f 1670 	1663 	1668
f 1670 	1276 	1665
f 1670 	1433 	1276
f 1276 	1273 	1665
f 867 	1668 	868
f 868 	1668 	865
f 858 	865 	1668
f 1623 	1633 	1634
f 1675 	1624 	1634
f 1634 	1684 	1675
f 1628 	1676 	1630
f 1675 	1676 	1628
f 1630 	1676 	1399
f 1630 	1399 	1386
f 1687 	1676 	1675
f 1412 	1399 	1676
f 1633 	1682 	1634
f 1633 	1681 	1682
f 1634 	1682 	1684
f 1682 	1237 	1684
f 1687 	1675 	1684
f 1412 	1676 	1687
f 1681 	1060 	1231
f 1682 	1681 	1231
f 1237 	1682 	1231
f 1684 	1237 	1241
f 1684 	1241 	1687
f 1687 	1241 	886
f 1339 	1693 	1275
f 1692 	1693 	1339
f 1354 	1358 	1694
f 1696 	1692 	1342
f 1696 	1342 	1694
f 1692 	1696 	1700
f 1692 	1700 	1693
f 1693 	1451 	1446
f 1693 	1700 	1451
f 1703 	1694 	1358
f 1694 	1703 	1705
f 1694 	1705 	1696
f 1662 	1709 	1664
f 1623 	1451 	1700
f 185 	1703 	1358
f 185 	1712 	1703
f 1703 	1713 	1705
f 1707 	1700 	1696
f 1696 	1705 	1707
f 1700 	1707 	1623
f 1708 	1660 	1706
f 1709 	1662 	1708
f 1664 	1110 	421
f 185 	187 	1712
f 1664 	1709 	1110
f 1713 	1703 	1712
f 1704 	1751 	1737
f 1707 	1705 	1714
f 1705 	1713 	1714
f 1715 	1708 	1706
f 1707 	1714 	1633
f 1708 	1716 	1709
f 1707 	1633 	1623
f 1709 	1716 	1283
f 187 	189 	1712
f 1681 	1633 	1714
f 1716 	1708 	1715
f 1712 	189 	1717
f 189 	1445 	1717
f 1715 	1718 	1716
f 1712 	1717 	1713
f 1716 	1292 	1283
f 1719 	1713 	1717
f 1716 	1718 	1292
f 1718 	1306 	1299
f 1714 	1713 	1719
f 1718 	1299 	1292
f 1714 	1719 	1681
f 1722 	1718 	1715
f 1719 	1717 	1447
f 1717 	1445 	1447
f 1719 	1060 	1681
f 1719 	1447 	1060
f 1721 	1725 	1722
f 1721 	1724 	1725
f 1722 	1306 	1718
f 1722 	1725 	1306
f 1724 	1730 	1325
f 1734 	1745 	1735
f 1743 	1745 	1734
f 1724 	1325 	1725
f 1725 	1325 	1329
f 1505 	1477 	1730
f 1726 	1736 	1738
f 1704 	1737 	1741
f 1726 	1738 	1729
f 1737 	1721 	1741
f 1738 	1743 	1729
f 1737 	1744 	1721
f 1741 	1706 	1704
f 1706 	1741 	1715
f 1729 	1743 	1734
f 1741 	1722 	1715
f 1741 	1721 	1722
f 1744 	1724 	1721
f 1752 	1738 	1736
f 1754 	1743 	1738
f 1743 	1755 	1745
f 1754 	1755 	1743
f 1773 	1751 	1704
f 1821 	1749 	2115
f 1752 	1754 	1738
f 1750 	1823 	1824
f 1824 	1737 	1751
f 1761 	1769 	1763
f 1764 	1754 	1752
f 1762 	1764 	1752
f 1764 	2308 	1754
f 1764 	1762 	1767
f 1758 	1766 	1768
f 1758 	1768 	1761
f 1769 	1761 	1768
f 1763 	1769 	1773
f 1763 	1773 	1765
f 1765 	1773 	1659
f 1765 	1659 	1650
f 1771 	1776 	1777
f 1771 	1777 	1775
f 1749 	1778 	1766
f 1766 	1778 	1768
f 1768 	1778 	1750
f 1749 	1822 	1778
f 1789 	1777 	1776
f 1776 	1779 	1789
f 1768 	1750 	1769
f 1773 	1769 	1751
f 1769 	1750 	1751
f 1773 	1704 	1659
f 1778 	1823 	1750
f 1778 	1822 	1823
f 1781 	1775 	1784
f 1775 	1777 	1784
f 1781 	1736 	1726
f 1781 	1784 	1736
f 1792 	1783 	1782
f 1788 	1724 	1744
f 1789 	1790 	1777
f 1784 	1777 	1790
f 1792 	1782 	1791
f 1784 	1793 	1736
f 1784 	1790 	1793
f 1793 	1752 	1736
f 1783 	1792 	1800
f 1500 	1499 	1792
f 872 	1668 	867
f 1792 	1496 	1500
f 1783 	1800 	1788
f 1668 	872 	1670
f 1788 	1800 	1730
f 1501 	1730 	1502
f 871 	1670 	872
f 871 	873 	1670
f 1427 	1670 	873
f 1788 	1730 	1724
f 1670 	1427 	1433
f 1493 	1492 	1817
f 1791 	1497 	1792
f 1800 	1502 	1730
f 1505 	1730 	1501
f 1636 	1651 	1653
f 1641 	1653 	1810
f 1818 	1819 	268
f 1641 	1810 	1645
f 1645 	1810 	1813
f 1814 	291 	266
f 268 	1814 	266
f 1645 	1813 	1648
f 291 	1814 	1815
f 1648 	718 	714
f 1648 	1813 	718
f 1812 	1816 	1806
f 1825 	1328 	292
f 1806 	1816 	1808
f 1808 	1816 	1817
f 1808 	1817 	1809
f 1809 	1791 	1782
f 1809 	1817 	1791
f 1818 	268 	267
f 328 	1818 	267
f 2046 	1563 	1811
f 1563 	1572 	1811
f 1814 	268 	1819
f 1572 	1812 	1811
f 1819 	1833 	1814
f 1576 	1812 	1572
f 1812 	1576 	1816
f 1820 	1818 	328
f 1816 	1578 	1817
f 1576 	1580 	1816
f 1577 	1495 	1817
f 1820 	1802 	1844
f 1822 	1749 	1821
f 1820 	1844 	1848
f 1820 	1848 	1834
f 1751 	1750 	1824
f 292 	1815 	1825
f 1328 	1825 	1827
f 1328 	1827 	1330
f 1821 	1828 	1822
f 1826 	1828 	1821
f 1822 	1828 	1830
f 1828 	1809 	1782
f 1825 	1856 	1827
f 1828 	1782 	1830
f 1822 	1830 	1823
f 1823 	1831 	1824
f 1823 	1830 	1831
f 1824 	1744 	1737
f 1824 	1831 	1744
f 1833 	1815 	1814
f 1826 	1809 	1828
f 1826 	1808 	1809
f 1834 	1819 	1818
f 1830 	1783 	1831
f 1818 	1820 	1834
f 1830 	1782 	1783
f 1834 	1836 	1819
f 1831 	1783 	1788
f 1788 	1744 	1831
f 1836 	1833 	1819
f 1836 	1838 	1833
f 313 	1837 	178
f 1834 	1851 	1836
f 1836 	1852 	1838
f 1851 	1852 	1836
f 313 	1842 	1837
f 1837 	1843 	1840
f 1842 	1843 	1837
f 1805 	1844 	1802
f 1846 	1842 	318
f 318 	321 	1846
f 1842 	1850 	1843
f 1846 	1850 	1842
f 1851 	1834 	1848
f 2191 	1805 	2065
f 321 	1867 	1893
f 1805 	2191 	1844
f 321 	1893 	1846
f 1848 	1844 	2193
f 2195 	1851 	1848
f 2193 	2195 	1848
f 1651 	1939 	1653
f 1833 	1854 	1815
f 1833 	1838 	1854
f 1653 	1939 	1941
f 1815 	1854 	1825
f 1653 	1941 	1810
f 1854 	1856 	1825
f 1943 	1813 	1810
f 1941 	1943 	1810
f 1840 	1858 	1855
f 1843 	1858 	1840
f 1858 	1859 	1855
f 2124 	1860 	1651
f 1858 	1865 	1859
f 1855 	1859 	1857
f 1843 	1850 	1864
f 1864 	1858 	1843
f 1864 	1865 	1858
f 1865 	1962 	1859
f 1934 	1864 	1850
f 1864 	1936 	1865
f 1934 	1936 	1864
f 296 	304 	1868
f 1868 	323 	296
f 1868 	1871 	323
f 1868 	1879 	1871
f 1871 	1873 	1867
f 1867 	1873 	1893
f 304 	1875 	1868
f 1875 	304 	962
f 1874 	1886 	1876
f 1875 	1879 	1868
f 1871 	1884 	1873
f 1879 	1884 	1871
f 1883 	1886 	1874
f 962 	966 	1875
f 1886 	1888 	1876
f 2157 	1901 	1883
f 1846 	1894 	1850
f 1893 	1894 	1846
f 1895 	1729 	1901
f 1903 	1937 	1873
f 1884 	1903 	1873
f 1905 	1886 	1883
f 1901 	1905 	1883
f 1875 	1906 	1879
f 1905 	1907 	1886
f 1905 	1735 	1907
f 1875 	966 	1906
f 1886 	1907 	1888
f 1906 	1908 	1879
f 1879 	1908 	1884
f 1895 	1726 	1729
f 1903 	1884 	1909
f 1734 	1905 	1901
f 1729 	1734 	1901
f 1908 	1909 	1884
f 1734 	1735 	1905
f 1909 	1910 	1903
f 1990 	1991 	1910
f 1088 	1906 	966
f 1921 	1913 	1911
f 1913 	1872 	1914
f 1921 	1872 	1913
f 1090 	1908 	1906
f 1906 	1088 	1090
f 1919 	1921 	1911
f 1908 	1090 	1922
f 1104 	1922 	1105
f 1922 	1909 	1908
f 1930 	2145 	1916
f 1916 	2147 	1919
f 1919 	2147 	1874
f 1921 	1919 	1874
f 1874 	1876 	1921
f 1108 	1107 	1922
f 1876 	1872 	1921
f 1990 	1910 	1909
f 1928 	1929 	1930
f 1090 	1105 	1922
f 1930 	1916 	2064
f 1922 	1104 	1108
f 2142 	1930 	1929
f 1894 	1934 	1850
f 1893 	1873 	1937
f 1937 	1894 	1893
f 1940 	1934 	1894
f 1939 	1651 	1860
f 1937 	1940 	1894
f 1940 	1942 	1934
f 1934 	1942 	1936
f 1813 	1943 	216
f 1944 	1937 	1903
f 1937 	1944 	1940
f 2037 	1942 	1940
f 1860 	1650 	1654
f 1860 	1654 	1939
f 1939 	1656 	1941
f 1939 	1654 	1656
f 1903 	1910 	1944
f 1941 	1656 	1658
f 1943 	1941 	1658
f 1959 	1954 	1857
f 1857 	1859 	1959
f 1959 	1960 	1954
f 1959 	1963 	1960
f 1954 	1960 	1955
f 1960 	1961 	1955
f 1955 	1961 	1957
f 1859 	1962 	1959
f 1962 	1963 	1959
f 1960 	1964 	1961
f 1963 	1964 	1960
f 1865 	1936 	2080
f 2080 	1962 	1865
f 1963 	1962 	2082
f 2068 	1964 	1963
f 1910 	1970 	1944
f 1909 	1922 	1990
f 2005 	1990 	1932
f 1107 	1932 	1922
f 1970 	1910 	1991
f 1970 	1993 	1975
f 1991 	1993 	1970
f 1789 	1779 	2089
f 1993 	1996 	1975
f 1854 	1838 	1861
f 1854 	1861 	1856
f 1975 	1996 	1979
f 1861 	1838 	2002
f 2002 	2616 	1861
f 2002 	1838 	1852
f 2002 	1852 	2275
f 1996 	1999 	1979
f 2005 	2004 	1990
f 1922 	1932 	1990
f 2009 	1990 	2006
f 2004 	2006 	1990
f 1990 	2009 	1991
f 1790 	2013 	1793
f 2007 	1991 	2008
f 2008 	1991 	2009
f 1793 	1762 	1752
f 1789 	2012 	1790
f 2007 	2011 	1991
f 1991 	2011 	1993
f 2010 	1993 	2011
f 2013 	1790 	2012
f 1793 	2013 	1762
f 2012 	2016 	2019
f 2018 	2017 	1996
f 2016 	2024 	2019
f 2018 	1996 	2014
f 1993 	2014 	1996
f 1993 	2015 	2014
f 2012 	2019 	2013
f 2013 	2020 	1762
f 2013 	2019 	2020
f 2020 	1767 	1762
f 2010 	2015 	1993
f 1996 	2017 	2023
f 2021 	1999 	2022
f 1996 	2023 	1999
f 1999 	2023 	2022
f 1999 	2021 	2028
f 2028 	2027 	1999
f 1936 	1942 	2032
f 2139 	1650 	1860
f 2139 	1765 	1650
f 2036 	1555 	1551
f 1551 	2035 	2036
f 1940 	1944 	2037
f 1555 	2036 	2038
f 1942 	2039 	2032
f 2036 	2045 	2038
f 2039 	1942 	2037
f 2036 	2043 	2045
f 2032 	2041 	2033
f 2039 	2041 	2032
f 2038 	1556 	1555
f 1556 	2038 	1608
f 2038 	1609 	1608
f 1970 	2037 	1944
f 1970 	1975 	2037
f 2039 	2037 	1975
f 2039 	1979 	2041
f 1975 	1979 	2039
f 2036 	2035 	2043
f 1979 	2048 	2041
f 2035 	2042 	2043
f 2038 	2045 	1609
f 2044 	2047 	2046
f 2045 	2043 	1616
f 2045 	1616 	1622
f 2045 	1622 	1609
f 2050 	1574 	2250
f 2077 	2047 	2044
f 2047 	1508 	2046
f 2061 	2054 	2051
f 2062 	2056 	2054
f 343 	2055 	2057
f 2054 	2061 	2062
f 1592 	2056 	2035
f 2057 	88 	343
f 2058 	89 	88
f 1509 	1508 	2047
f 2056 	2042 	2035
f 1508 	1563 	2046
f 88 	2057 	2058
f 2035 	1551 	1592
f 2250 	2303 	2050
f 2050 	2060 	2051
f 2058 	2059 	89
f 2050 	2303 	2060
f 1979 	1999 	2048
f 2051 	2060 	2061
f 2059 	73 	89
f 1999 	2063 	2048
f 2056 	2062 	2042
f 1999 	2027 	2063
f 1928 	2064 	2055
f 1928 	1930 	2064
f 2048 	2063 	2049
f 2049 	1509 	2047
f 2275 	105 	2002
f 2049 	2063 	1509
f 2061 	2069 	2062
f 2063 	2027 	2029
f 2062 	2069 	2071
f 1521 	2063 	1522
f 2029 	1522 	2063
f 1560 	1519 	2063
f 1521 	1560 	2063
f 2060 	2067 	2061
f 2069 	2061 	2067
f 2068 	2141 	1964
f 2042 	2062 	2071
f 2082 	2072 	2068
f 2070 	2360 	385
f 2042 	2071 	2074
f 2072 	2073 	2068
f 2069 	2084 	2071
f 2071 	2084 	2099
f 2071 	2099 	2074
f 2075 	2072 	2033
f 2042 	2074 	2043
f 1616 	2043 	2074
f 2197 	2065 	2066
f 2041 	2075 	2033
f 2066 	2070 	2076
f 2075 	2077 	2072
f 2075 	2049 	2077
f 2019 	2024 	2078
f 2072 	2077 	2073
f 2067 	2081 	2083
f 2067 	2083 	2069
f 2044 	2073 	2077
f 2019 	2078 	2020
f 2020 	2078 	2079
f 2041 	2048 	2075
f 1767 	2020 	2079
f 2048 	2049 	2075
f 2383 	1767 	2079
f 2049 	2047 	2077
f 2074 	2099 	1636
f 1636 	1616 	2074
f 2080 	2082 	1962
f 1963 	2082 	2068
f 2032 	2080 	1936
f 2080 	2033 	2082
f 2081 	2130 	2083
f 2032 	2033 	2080
f 2390 	2391 	2079
f 2033 	2072 	2082
f 2089 	1779 	2086
f 2012 	1789 	2089
f 2237 	2090 	2086
f 2088 	2098 	2092
f 2088 	2096 	2098
f 2055 	2064 	2057
f 2064 	2093 	2057
f 96 	2127 	2087
f 2058 	2057 	2093
f 2059 	2058 	1911
f 2087 	2094 	2095
f 2093 	1911 	2058
f 1911 	1913 	2059
f 2087 	2095 	2085
f 2085 	2095 	2096
f 1916 	2093 	2064
f 1916 	1919 	2093
f 2093 	1919 	1911
f 2085 	2096 	2088
f 2069 	2083 	2084
f 2092 	2098 	1766
f 2127 	2094 	2087
f 2422 	2100 	2097
f 2097 	2100 	2101
f 2106 	2095 	2094
f 2106 	2094 	2108
f 2102 	2081 	2331
f 2130 	2081 	2102
f 2110 	2096 	2095
f 2076 	2197 	2066
f 2105 	2076 	2070
f 1749 	1766 	2098
f 2070 	385 	2105
f 2129 	2108 	2094
f 2105 	2107 	2076
f 2106 	2110 	2095
f 385 	389 	2105
f 2118 	2107 	2105
f 2096 	2115 	2098
f 2096 	2110 	2115
f 1749 	2098 	2115
f 2118 	2105 	389
f 2118 	2122 	2107
f 2118 	627 	2122
f 2083 	2130 	2123
f 2118 	389 	626
f 2108 	2137 	2106
f 2084 	2083 	2123
f 2084 	2123 	2124
f 2086 	2090 	2125
f 2110 	2159 	2160
f 2160 	2115 	2110
f 2084 	2124 	2099
f 2086 	2125 	2089
f 2089 	2016 	2012
f 2099 	1651 	1636
f 2125 	2016 	2089
f 2099 	2124 	1651
f 2135 	2108 	2119
f 2092 	1766 	1758
f 2127 	96 	2296
f 2128 	2125 	2090
f 2129 	2127 	1957
f 1957 	1961 	2129
f 2090 	2126 	2128
f 2131 	2125 	2128
f 2102 	2134 	2130
f 2129 	2094 	2127
f 1961 	1964 	2119
f 2125 	2131 	2016
f 2131 	2024 	2016
f 2119 	2129 	1961
f 2108 	2129 	2119
f 2134 	2102 	2132
f 2135 	2137 	2108
f 2126 	2138 	2128
f 2136 	2123 	2130
f 2135 	2143 	2137
f 2100 	1775 	2101
f 2130 	2134 	2136
f 2100 	1771 	1775
f 2123 	2136 	2139
f 1763 	2136 	2134
f 1781 	2101 	1775
f 2123 	2139 	2124
f 2119 	1964 	2141
f 2139 	1860 	2124
f 2119 	2141 	2135
f 2142 	1929 	2140
f 2132 	1761 	2134
f 2132 	1758 	1761
f 1930 	2142 	2145
f 2144 	2143 	2135
f 2134 	1761 	1763
f 2137 	2143 	2146
f 2142 	2154 	2145
f 2139 	2136 	1765
f 2136 	1763 	1765
f 2068 	2073 	2141
f 2073 	2144 	2141
f 2147 	1916 	2145
f 2148 	499 	475
f 2141 	2144 	2135
f 2149 	2144 	2044
f 2147 	1883 	1874
f 2148 	475 	501
f 2147 	2157 	1883
f 2148 	2150 	499
f 2044 	2046 	2149
f 2144 	2149 	2143
f 2149 	2151 	2143
f 2097 	2152 	2140
f 2143 	2151 	2146
f 2140 	2152 	2142
f 2154 	2142 	2152
f 501 	2640 	2155
f 2152 	2097 	2101
f 2151 	1806 	2146
f 501 	2155 	2148
f 2148 	2156 	2150
f 2145 	2154 	2157
f 2073 	2044 	2144
f 2155 	2156 	2148
f 2151 	2149 	1811
f 2156 	2158 	2150
f 2145 	2157 	2147
f 1811 	2149 	2046
f 2150 	2158 	2153
f 1811 	1812 	2151
f 2151 	1812 	1806
f 2159 	2110 	2106
f 2159 	2106 	2137
f 2155 	2183 	2156
f 2161 	2154 	2152
f 2160 	1821 	2115
f 2152 	2101 	2161
f 1895 	2154 	2161
f 2146 	2159 	2137
f 2159 	2146 	2162
f 2161 	1726 	1895
f 2162 	2160 	2159
f 2157 	2154 	1895
f 1895 	1901 	2157
f 2162 	1826 	2160
f 2215 	1317 	2163
f 1808 	1826 	2162
f 1781 	2161 	2101
f 2160 	1826 	1821
f 1726 	2161 	1781
f 2162 	2146 	1806
f 1806 	1808 	2162
f 2164 	2153 	2165
f 2166 	367 	363
f 519 	2167 	2163
f 519 	2165 	2167
f 2163 	2168 	2215
f 2167 	2168 	2163
f 363 	2369 	2166
f 367 	2166 	2169
f 2164 	499 	2150
f 367 	2169 	341
f 2150 	2153 	2164
f 2165 	2153 	2170
f 2171 	341 	2169
f 2165 	2170 	2167
f 2170 	2174 	2167
f 342 	2055 	343
f 2167 	2174 	2168
f 2171 	2055 	342
f 2174 	2235 	2168
f 2369 	2409 	2166
f 2169 	2166 	2173
f 2409 	2173 	2166
f 2169 	2175 	2171
f 2169 	2173 	2175
f 2158 	2177 	2153
f 2171 	2175 	1928
f 2170 	2153 	2177
f 2175 	2182 	1929
f 2179 	2174 	2170
f 1928 	2175 	1929
f 1928 	2055 	2171
f 2177 	2179 	2170
f 2179 	2181 	2174
f 2409 	2180 	2173
f 2173 	2180 	2182
f 2174 	2181 	2235
f 2186 	2177 	2158
f 2173 	2182 	2175
f 2177 	2189 	2179
f 2190 	2181 	2179
f 2182 	2180 	2437
f 2118 	626 	627
f 627 	839 	2122
f 2156 	2185 	2158
f 2183 	2185 	2156
f 2184 	841 	2187
f 839 	841 	2184
f 2185 	2186 	2158
f 2186 	2189 	2177
f 2122 	839 	2184
f 2194 	2186 	2185
f 841 	843 	2187
f 2187 	843 	98
f 2190 	2179 	2189
f 2183 	2192 	2185
f 2193 	1844 	2191
f 2197 	2191 	2065
f 173 	2192 	2183
f 2192 	2194 	2185
f 2186 	2208 	2189
f 2195 	2196 	1851
f 2195 	2201 	2196
f 2208 	2209 	2189
f 1851 	2196 	1852
f 1852 	2196 	2275
f 2189 	2209 	2190
f 2191 	2198 	2193
f 2191 	2197 	2198
f 2198 	2199 	2193
f 2192 	2203 	2194
f 2193 	2199 	2195
f 173 	178 	2202
f 2199 	2201 	2195
f 2202 	2192 	173
f 2203 	2192 	2202
f 1837 	1840 	2202
f 2202 	1840 	2203
f 2194 	2203 	2210
f 2126 	2133 	2138
f 2202 	178 	1837
f 2128 	2205 	2131
f 2138 	2205 	2128
f 2131 	2205 	2207
f 1840 	1855 	2203
f 2203 	1855 	2210
f 2131 	2207 	2024
f 2194 	2208 	2186
f 2441 	2138 	2133
f 2444 	2205 	2138
f 2210 	2208 	2194
f 2207 	2205 	2428
f 2208 	2211 	2209
f 2210 	2211 	2208
f 2211 	2210 	1857
f 1855 	1857 	2210
f 2213 	2220 	2214
f 1857 	1954 	2211
f 2212 	1040 	2227
f 2215 	1319 	1317
f 2212 	2227 	2217
f 2212 	2217 	2213
f 2215 	2218 	1319
f 2221 	1536 	1321
f 2220 	2213 	2217
f 2214 	2220 	1776
f 1321 	2218 	2221
f 2221 	2222 	1536
f 2214 	1776 	1771
f 2221 	2230 	2222
f 1536 	2222 	1537
f 2217 	2223 	2220
f 2217 	2231 	2223
f 2220 	1779 	1776
f 2222 	2224 	1537
f 2223 	1779 	2220
f 2168 	2225 	2215
f 1419 	1040 	2212
f 2215 	2225 	2218
f 2225 	2226 	2218
f 1040 	1045 	2227
f 2218 	2226 	2221
f 1045 	1050 	2229
f 2229 	2227 	1045
f 2226 	2230 	2221
f 2227 	2229 	2231
f 2230 	2253 	2222
f 2227 	2231 	2217
f 2222 	2253 	2224
f 1048 	2259 	1050
f 1048 	1053 	2259
f 2225 	2168 	2235
f 2260 	2229 	1050
f 2223 	2231 	2237
f 2223 	2086 	1779
f 2237 	2086 	2223
f 2229 	2234 	2231
f 2229 	2260 	2234
f 2225 	2236 	2226
f 2231 	2234 	2237
f 2235 	2236 	2225
f 2236 	2238 	2226
f 2226 	2238 	2230
f 2265 	2230 	2238
f 2234 	2239 	2242
f 2181 	2241 	2235
f 2239 	2244 	2242
f 2234 	2242 	2237
f 2236 	2235 	2241
f 2241 	2243 	2236
f 2090 	2237 	2242
f 2236 	2243 	2238
f 2242 	2126 	2090
f 2242 	2244 	2126
f 2133 	2126 	2244
f 2245 	2244 	2239
f 2197 	2255 	2198
f 2247 	1538 	2224
f 2246 	635 	2248
f 2250 	1575 	2249
f 1575 	2247 	2249
f 2245 	2248 	2252
f 2076 	2255 	2197
f 2198 	2256 	2199
f 2252 	2244 	2245
f 2255 	2256 	2198
f 1574 	1575 	2250
f 2257 	2201 	2199
f 2133 	2244 	2252
f 2224 	2254 	2247
f 2224 	2253 	2254
f 2254 	2249 	2247
f 2246 	667 	635
f 2256 	2257 	2199
f 2248 	636 	2252
f 2302 	2249 	2258
f 2248 	635 	636
f 2252 	636 	637
f 2076 	2107 	2255
f 2252 	637 	2133
f 2302 	2250 	2249
f 2260 	1050 	2259
f 2253 	2230 	2265
f 2259 	2264 	2260
f 2265 	2266 	2253
f 2266 	2254 	2253
f 2254 	2258 	2249
f 1053 	2262 	2259
f 2266 	2258 	2254
f 2264 	2259 	2262
f 2260 	2264 	2239
f 2264 	2245 	2239
f 2239 	2234 	2260
f 2270 	2262 	1057
f 2262 	2270 	2273
f 2265 	2269 	2266
f 2273 	2264 	2262
f 2243 	2267 	2238
f 2264 	2273 	2245
f 2243 	2278 	2267
f 1053 	1057 	2262
f 2265 	2238 	2267
f 2267 	2269 	2265
f 2266 	2269 	2306
f 2270 	1057 	2268
f 2255 	2272 	2256
f 2272 	2255 	2107
f 2267 	2320 	2269
f 2122 	2184 	2272
f 2122 	2272 	2107
f 713 	2274 	1059
f 2280 	2241 	2181
f 2280 	2181 	2190
f 2268 	1059 	2274
f 2268 	2276 	2270
f 2283 	2243 	2241
f 2196 	2201 	2277
f 2268 	2274 	2276
f 2246 	2273 	2270
f 2277 	2275 	2196
f 2283 	2278 	2243
f 2277 	109 	2275
f 2246 	2270 	2276
f 2278 	2320 	2267
f 2273 	2246 	2248
f 112 	109 	2277
f 2273 	2248 	2245
f 2275 	109 	105
f 2279 	2277 	2201
f 751 	661 	2274
f 2279 	112 	2277
f 2276 	2274 	662
f 2279 	2201 	2257
f 2276 	662 	667
f 2276 	667 	2246
f 1907 	1735 	2281
f 2286 	2279 	2257
f 2241 	2280 	2283
f 2279 	180 	112
f 2272 	2284 	2256
f 2256 	2284 	2257
f 2284 	2286 	2257
f 2282 	2292 	2285
f 2279 	2286 	180
f 2290 	2292 	2282
f 2287 	2280 	2190
f 2272 	2184 	2284
f 2184 	2187 	2284
f 2209 	2287 	2190
f 2286 	2284 	2187
f 2287 	2289 	2280
f 2288 	2281 	1735
f 2187 	98 	2286
f 2294 	2295 	2287
f 1745 	2288 	1735
f 2287 	2295 	2289
f 2288 	2290 	2281
f 2280 	2289 	2283
f 2289 	2291 	2283
f 2281 	2290 	2282
f 2283 	2291 	2278
f 2211 	2294 	2209
f 2211 	1954 	2294
f 2209 	2294 	2287
f 2295 	2296 	2289
f 2289 	2296 	2291
f 96 	2324 	2291
f 96 	2291 	2296
f 1745 	2299 	2288
f 2295 	2294 	1955
f 2299 	1745 	1755
f 2299 	2300 	2288
f 1954 	1955 	2294
f 2295 	1957 	2296
f 2288 	2300 	2290
f 1955 	1957 	2295
f 2300 	2301 	2290
f 2127 	2296 	1957
f 2290 	2301 	2292
f 2301 	2357 	2292
f 2302 	2303 	2250
f 2310 	2299 	1755
f 2308 	2310 	1755
f 2302 	2258 	2305
f 2318 	2301 	2300
f 2306 	2305 	2258
f 2302 	2307 	2303
f 2302 	2305 	2307
f 2303 	2307 	2309
f 1755 	1754 	2308
f 2303 	2309 	2060
f 2067 	2060 	2309
f 1764 	1767 	2312
f 2266 	2306 	2258
f 2306 	2315 	2316
f 2312 	2308 	1764
f 2312 	2313 	2308
f 2306 	2316 	2305
f 2308 	2313 	2310
f 2305 	2329 	2307
f 2309 	2307 	2331
f 2312 	1767 	2383
f 2309 	2081 	2067
f 2312 	2314 	2313
f 2309 	2331 	2081
f 2383 	2314 	2312
f 2306 	2269 	2315
f 2299 	2317 	2300
f 2310 	2317 	2299
f 2305 	2316 	2329
f 2318 	2300 	2317
f 2317 	2310 	2319
f 2313 	2319 	2310
f 2319 	2321 	2317
f 2315 	2269 	2320
f 2317 	2321 	2318
f 2333 	2316 	2332
f 2321 	2323 	2318
f 2278 	2291 	2324
f 2319 	2313 	2325
f 2324 	2320 	2278
f 2324 	2322 	2320
f 2314 	2325 	2313
f 2325 	2326 	2319
f 2315 	2320 	2322
f 2319 	2326 	2321
f 2321 	2328 	2323
f 2326 	2328 	2321
f 2331 	2307 	2329
f 2332 	2316 	2315
f 2322 	2332 	2315
f 2329 	2316 	2333
f 2326 	2412 	2328
f 2329 	2335 	2331
f 2329 	2333 	2335
f 2331 	2335 	2102
f 2349 	2332 	2322
f 2332 	2352 	2333
f 2339 	2351 	2343
f 2332 	2349 	2352
f 2350 	2351 	2339
f 2333 	2352 	2354
f 2333 	2354 	2335
f 2285 	2292 	2347
f 2292 	2357 	2347
f 2285 	2347 	2338
f 2348 	2349 	2322
f 2347 	2350 	2338
f 2348 	2085 	2349
f 2348 	2087 	2085
f 2338 	2350 	2339
f 96 	2087 	2348
f 2180 	2436 	2437
f 2351 	2066 	2343
f 2352 	2092 	2354
f 2343 	2066 	2065
f 2132 	2335 	2354
f 2347 	2359 	2350
f 2354 	2092 	1758
f 2357 	2359 	2347
f 2354 	1758 	2132
f 2132 	2102 	2335
f 2350 	2360 	2351
f 2348 	2324 	96
f 2351 	2070 	2066
f 2324 	2348 	2322
f 2360 	2070 	2351
f 2088 	2352 	2349
f 2349 	2085 	2088
f 2092 	2352 	2088
f 2359 	2360 	2350
f 2301 	2368 	2357
f 2301 	2318 	2368
f 2368 	2370 	2357
f 2370 	2359 	2357
f 2140 	1929 	2182
f 363 	1208 	2369
f 2368 	2378 	2370
f 1369 	1258 	1255
f 2370 	2373 	2359
f 2367 	1258 	2372
f 2359 	2373 	2360
f 2373 	385 	2360
f 2318 	2323 	2368
f 2323 	2378 	2368
f 2370 	2380 	2373
f 2378 	2380 	2370
f 2373 	386 	385
f 2380 	386 	2373
f 2328 	372 	2323
f 2323 	372 	2378
f 2378 	373 	2380
f 372 	373 	2378
f 2380 	374 	386
f 373 	374 	2380
f 2388 	2078 	2024
f 2024 	2207 	2388
f 2390 	2079 	2078
f 2390 	2078 	2388
f 2391 	2383 	2079
f 2391 	2396 	2383
f 2383 	2396 	2314
f 2410 	2325 	2314
f 2207 	2429 	2388
f 2391 	2390 	2435
f 2435 	2405 	2391
f 2391 	2405 	2396
f 1369 	2372 	1258
f 2367 	2372 	2406
f 2372 	1380 	2413
f 2367 	2406 	2369
f 2369 	2406 	2409
f 2396 	2410 	2314
f 2326 	2325 	2411
f 2325 	2410 	2411
f 2372 	1369 	1380
f 2411 	2412 	2326
f 2406 	2372 	2413
f 2406 	2415 	2409
f 2413 	2415 	2406
f 2412 	375 	2328
f 2409 	2415 	2180
f 2421 	2412 	2411
f 2421 	325 	2412
f 375 	372 	2328
f 2396 	2417 	2410
f 2405 	2417 	2396
f 2411 	2410 	2419
f 2413 	2433 	2434
f 2417 	2419 	2410
f 2434 	2415 	2413
f 2419 	2421 	2411
f 2436 	2180 	2415
f 375 	2412 	325
f 375 	327 	377
f 375 	325 	327
f 2439 	2423 	2427
f 2423 	2214 	2427
f 2422 	2439 	2427
f 2419 	2417 	339
f 2422 	2427 	2100
f 2421 	2419 	345
f 347 	346 	2419
f 2427 	1771 	2100
f 2419 	339 	347
f 345 	354 	2421
f 354 	353 	2421
f 2444 	2428 	2205
f 2214 	2423 	2213
f 2428 	2429 	2207
f 1771 	2427 	2214
f 2429 	2430 	2388
f 2413 	1380 	2433
f 2429 	240 	2430
f 2390 	2388 	2430
f 2433 	1380 	1395
f 2390 	2430 	2435
f 2436 	2415 	2434
f 237 	2429 	2428
f 239 	2430 	240
f 2140 	2182 	2437
f 2430 	245 	2435
f 239 	245 	2430
f 1404 	2433 	1395
f 244 	251 	2435
f 371 	2435 	251
f 2433 	2438 	2434
f 2405 	2435 	329
f 371 	330 	2435
f 330 	329 	2435
f 331 	2417 	2405
f 2433 	1404 	2438
f 2434 	2438 	2439
f 2434 	2439 	2436
f 2422 	2437 	2436
f 2436 	2439 	2422
f 2441 	2133 	637
f 2097 	2437 	2422
f 2441 	2444 	2138
f 2437 	2097 	2140
f 2445 	2438 	1404
f 1419 	2445 	1404
f 2438 	2423 	2439
f 2445 	2423 	2438
f 637 	659 	2449
f 2212 	2445 	1419
f 2445 	2213 	2423
f 2445 	2212 	2213
f 2447 	2441 	2448
f 637 	2449 	2441
f 1914 	1872 	2451
f 2448 	2441 	2449
f 2451 	2522 	1914
f 2451 	2456 	2522
f 2447 	2453 	2441
f 2453 	2455 	2441
f 2441 	2455 	2444
f 2454 	2444 	2455
f 2458 	2457 	2428
f 2444 	2458 	2428
f 2459 	2460 	52
f 236 	2428 	2457
f 2444 	2454 	2458
f 2456 	2462 	2450
f 2456 	2469 	2462
f 2450 	2462 	2459
f 2459 	2463 	2460
f 236 	237 	2428
f 2462 	2463 	2459
f 2463 	2464 	2460
f 2460 	2464 	2461
f 2470 	2463 	2462
f 2467 	2451 	1872
f 1872 	1876 	2467
f 2456 	2451 	2468
f 2467 	2468 	2451
f 2469 	2456 	2468
f 2469 	2470 	2462
f 2463 	2470 	2490
f 1876 	1888 	2467
f 1888 	2472 	2467
f 2472 	2468 	2467
f 2472 	2474 	2468
f 2468 	2474 	2469
f 2474 	2475 	2469
f 2469 	2475 	2470
f 2476 	2472 	1888
f 2477 	2474 	2472
f 1888 	1907 	2476
f 2476 	2477 	2472
f 2479 	2475 	2474
f 2477 	2479 	2474
f 2479 	2510 	2475
f 2281 	2476 	1907
f 2476 	2282 	2477
f 2281 	2282 	2476
f 2282 	2285 	2477
f 2477 	2285 	2479
f 260 	71 	2461
f 260 	2461 	2480
f 2461 	2464 	2480
f 2480 	2481 	260
f 2492 	2495 	2480
f 2480 	2495 	2481
f 2481 	261 	260
f 2492 	2480 	2464
f 2463 	2490 	2464
f 2490 	2492 	2464
f 2490 	2503 	2492
f 2499 	2503 	2490
f 2492 	2507 	2495
f 328 	2481 	2495
f 2481 	328 	267
f 2470 	2475 	2499
f 2475 	2510 	2499
f 2470 	2499 	2490
f 2507 	2492 	2503
f 2495 	2507 	1802
f 1802 	328 	2495
f 1802 	1820 	328
f 2511 	2503 	2499
f 2511 	2512 	2503
f 2510 	2511 	2499
f 2510 	2339 	2511
f 2503 	2512 	2507
f 2512 	1805 	2507
f 2065 	1805 	2512
f 2507 	1805 	1802
f 2338 	2510 	2479
f 2285 	2338 	2479
f 2338 	2339 	2510
f 2339 	2343 	2511
f 2511 	2343 	2512
f 2512 	2343 	2065
f 87 	2515 	122
f 77 	2515 	87
f 73 	2059 	2516
f 74 	2516 	2517
f 2519 	2515 	77
f 2518 	2519 	77
f 2519 	52 	2515
f 2515 	52 	48
f 1913 	2516 	2059
f 1913 	1914 	2516
f 2516 	1914 	2517
f 2517 	2522 	2518
f 2522 	2517 	1914
f 2518 	2450 	2519
f 2522 	2450 	2518
f 2459 	52 	2519
f 2450 	2459 	2519
f 2522 	2456 	2450
f 48 	122 	2515
f 1330 	1827 	2606
f 2606 	2611 	2609
f 1331 	2606 	2609
f 1358 	1355 	2609
f 185 	1358 	2609
f 2611 	185 	2609
f 2615 	187 	2611
f 2611 	187 	185
f 467 	224 	2612
f 1827 	1856 	2613
f 2613 	2606 	1827
f 2613 	2611 	2606
f 1856 	1861 	2614
f 2613 	1856 	2614
f 2613 	2615 	2611
f 2614 	2615 	2613
f 1861 	2616 	2614
f 202 	187 	2615
f 105 	108 	2616
f 2612 	230 	2623
f 230 	2619 	2623
f 2616 	2624 	2614
f 2614 	2624 	2615
f 2624 	202 	2615
f 405 	202 	2624
f 105 	2616 	2002
f 2624 	2616 	108
f 108 	405 	2624
f 2619 	381 	2627
f 2619 	2631 	2623
f 2627 	2631 	2619
f 2631 	157 	2623
f 163 	157 	2631
f 2623 	157 	158
f 387 	2634 	2635
f 2635 	2636 	2627
f 2636 	2631 	2627
f 2636 	163 	2631
f 166 	2636 	2635
f 2634 	115 	116
f 2635 	2634 	116
f 116 	166 	2635
f 2636 	210 	163
f 166 	210 	2636
f 2612 	2637 	467
f 2637 	2638 	468
f 500 	2640 	501
f 2639 	2640 	500
f 2644 	155 	2638
f 2638 	155 	2639
f 2640 	2639 	156
f 155 	156 	2639
f 2640 	170 	2155
f 2640 	156 	170
f 158 	2612 	2623
f 2612 	158 	2637
f 2637 	2644 	2638
f 158 	2644 	2637
f 159 	2644 	158
f 2644 	160 	155
# 2634 faces

g group_0_16089887

usemtl color_16089887
s 0

f 4 	5 	3
f 2 	3 	5
f 5 	6 	2
f 1 	2 	6
f 1 	6 	7
f 1 	7 	16
f 11 	12 	18
f 17 	18 	12
f 12 	13 	17
f 13 	14 	17
f 16 	17 	14
f 1 	16 	14
f 18 	19 	11
f 19 	20 	11
f 10 	11 	20
f 20 	21 	10
f 9 	10 	21
f 8 	9 	21
f 25 	26 	27
f 28 	34 	27
f 29 	33 	28
f 30 	32 	29
f 31 	32 	30
f 33 	29 	32
f 34 	28 	33
f 35 	27 	34
f 25 	27 	35
f 40 	41 	39
f 38 	39 	41
f 41 	42 	38
f 42 	43 	38
f 37 	38 	43
f 43 	44 	37
f 36 	37 	44
f 25 	36 	44
f 25 	44 	26
f 43 	624 	44
f 28 	239 	240
f 28 	240 	241
f 354 	345 	26
f 347 	26 	346
f 330 	27 	329
f 339 	27 	347
f 26 	347 	27
f 332 	27 	331
f 333 	27 	332
f 333 	329 	27
f 27 	338 	331
f 27 	339 	340
f 27 	340 	338
f 346 	26 	345
f 358 	26 	361
f 26 	358 	351
f 26 	351 	353
f 354 	26 	353
f 361 	26 	360
f 44 	366 	360
f 44 	360 	26
f 366 	44 	365
f 371 	27 	330
f 251 	27 	371
f 244 	28 	251
f 245 	28 	244
f 41 	616 	42
f 610 	43 	42
f 623 	624 	43
f 613 	614 	42
f 43 	600 	601
f 607 	43 	601
f 43 	603 	604
f 43 	604 	600
f 623 	43 	625
f 609 	42 	608
f 610 	42 	609
f 603 	43 	610
f 608 	42 	614
f 619 	620 	44
f 620 	369 	44
f 625 	43 	607
f 44 	624 	619
f 365 	44 	369
f 655 	656 	30
f 657 	651 	30
f 645 	30 	644
f 646 	30 	645
f 30 	648 	649
f 644 	30 	649
f 30 	651 	648
f 657 	30 	656
f 660 	32 	663
f 30 	646 	31
f 678 	679 	31
f 646 	683 	31
f 675 	677 	31
f 663 	32 	671
f 679 	675 	31
f 671 	31 	677
f 678 	31 	683
f 719 	34 	721
f 33 	727 	34
f 736 	725 	33
f 31 	671 	32
f 660 	661 	32
f 737 	738 	33
f 751 	752 	32
f 721 	34 	728
f 661 	751 	32
f 34 	720 	35
f 727 	33 	725
f 728 	34 	727
f 33 	32 	737
f 736 	33 	738
f 752 	753 	32
f 781 	737 	32
f 32 	753 	781
f 719 	720 	34
f 1442 	1437 	35
f 815 	816 	35
f 722 	35 	720
f 818 	35 	722
f 815 	35 	818
f 613 	42 	616
f 41 	822 	823
f 41 	824 	825
f 825 	830 	41
f 41 	823 	824
f 616 	41 	827
f 827 	41 	830
f 41 	40 	822
f 826 	822 	40
f 850 	851 	40
f 834 	826 	40
f 39 	852 	40
f 850 	40 	853
f 951 	949 	6
f 947 	948 	7
f 6 	950 	951
f 39 	836 	852
f 834 	40 	851
f 853 	40 	852
f 871 	872 	36
f 864 	878 	38
f 860 	861 	38
f 861 	864 	38
f 862 	38 	37
f 863 	38 	862
f 38 	863 	860
f 37 	36 	867
f 39 	38 	878
f 37 	865 	866
f 867 	36 	872
f 867 	868 	37
f 37 	868 	865
f 866 	862 	37
f 835 	836 	39
f 877 	835 	39
f 877 	39 	879
f 39 	878 	879
f 7 	944 	945
f 1282 	16 	946
f 946 	16 	945
f 944 	7 	948
f 947 	7 	949
f 950 	6 	953
f 7 	6 	949
f 5 	970 	6
f 5 	4 	979
f 953 	6 	969
f 969 	6 	968
f 1063 	4 	1062
f 971 	6 	970
f 968 	6 	971
f 979 	973 	5
f 973 	974 	5
f 5 	974 	975
f 970 	5 	976
f 5 	975 	976
f 978 	4 	977
f 979 	4 	978
f 4 	1061 	977
f 4 	1063 	1061
f 1084 	1082 	2
f 1080 	1075 	3
f 3 	1075 	1077
f 1062 	4 	1066
f 1077 	1066 	3
f 3 	1066 	4
f 1082 	1078 	2
f 1078 	1079 	3
f 3 	1079 	1080
f 3 	2 	1078
f 1084 	2 	1085
f 1085 	2 	1087
f 1087 	2 	1086
f 1 	1097 	2
f 1 	1099 	1100
f 1100 	1097 	1
f 1086 	2 	1097
f 1101 	1102 	1
f 1099 	1 	1102
f 1101 	1 	1105
f 1104 	14 	1108
f 17 	1148 	18
f 1279 	1155 	16
f 7 	945 	16
f 1144 	18 	1149
f 18 	1144 	1145
f 18 	1145 	1143
f 1153 	1154 	17
f 1149 	18 	1148
f 1278 	1279 	16
f 1153 	17 	1155
f 1281 	16 	1280
f 1148 	17 	1154
f 1278 	16 	1281
f 17 	16 	1155
f 1280 	16 	1282
f 19 	1483 	20
f 18 	1486 	19
f 1438 	25 	1437
f 1432 	25 	1431
f 1432 	1433 	25
f 35 	1437 	25
f 1439 	25 	1438
f 816 	1443 	35
f 1439 	1431 	25
f 1442 	35 	1443
f 1143 	1490 	18
f 20 	1476 	1477
f 1483 	1479 	20
f 20 	1480 	1476
f 1484 	1485 	19
f 1483 	19 	1482
f 1479 	1480 	20
f 1486 	18 	1490
f 1487 	19 	1486
f 1484 	19 	1487
f 1485 	1482 	19
f 1500 	1496 	21
f 1492 	1493 	8
f 1491 	1492 	8
f 1498 	1491 	8
f 1493 	1495 	8
f 1497 	8 	1496
f 1498 	8 	1497
f 1500 	21 	1499
f 8 	21 	1496
f 1477 	1505 	20
f 21 	20 	1501
f 21 	1501 	1502
f 21 	1502 	1504
f 21 	1504 	1499
f 1501 	20 	1505
f 10 	1520 	11
f 1516 	1517 	11
f 1517 	1519 	11
f 1518 	11 	1520
f 1515 	11 	1518
f 1519 	1560 	11
f 1521 	12 	1560
f 9 	1647 	10
f 1578 	9 	1577
f 8 	1495 	9
f 1579 	9 	1578
f 1579 	1580 	9
f 1577 	9 	1495
f 1520 	10 	1635
f 1635 	10 	1639
f 10 	1638 	1639
f 1643 	10 	1642
f 1642 	10 	1647
f 10 	1643 	1638
f 1647 	9 	1646
f 1580 	1649 	9
f 1646 	9 	1649
f 873 	36 	1427
f 25 	1433 	36
f 1427 	36 	1433
f 871 	36 	873
f 1105 	1 	1104
f 1107 	1108 	14
f 2017 	2018 	13
f 2004 	2005 	14
f 1104 	1 	14
f 12 	2023 	13
f 2005 	1932 	14
f 2006 	2004 	14
f 2022 	2023 	12
f 1107 	14 	1932
f 2008 	14 	2007
f 13 	2011 	14
f 2008 	2009 	14
f 2006 	14 	2009
f 13 	2010 	2011
f 2007 	14 	2011
f 13 	2014 	2015
f 2014 	13 	2018
f 2027 	2028 	12
f 2015 	2010 	13
f 2022 	12 	2021
f 2017 	13 	2023
f 2021 	12 	2028
f 11 	1560 	12
f 1515 	1516 	11
f 2029 	12 	1522
f 1522 	12 	1521
f 2027 	12 	2029
f 2448 	2449 	29
f 30 	29 	655
f 29 	2453 	2447
f 29 	2447 	2448
f 659 	29 	2449
f 655 	29 	659
f 28 	236 	29
f 2454 	2455 	29
f 2453 	29 	2455
f 27 	251 	28
f 2457 	29 	236
f 2458 	29 	2457
f 2454 	29 	2458
f 241 	238 	28
f 237 	28 	238
f 236 	28 	237
f 245 	239 	28
# 324 faces

 #end of obj_0

